"table_name","column_name","data_type","is_nullable","column_default","numeric_precision","numeric_scale"
"account_change_requests","id","uuid","NO","gen_random_uuid()","",""
"account_change_requests","company_id","uuid","NO","","",""
"account_change_requests","kind","text","NO","","",""
"account_change_requests","target_id","uuid","YES","","",""
"account_change_requests","expected_version","integer","YES","","32","0"
"account_change_requests","new_account_id","uuid","YES","","",""
"account_change_requests","code","text","YES","","",""
"account_change_requests","name","text","NO","","",""
"account_change_requests","account_type","text","YES","","",""
"account_change_requests","parent_id","uuid","YES","","",""
"account_change_requests","postable","boolean","YES","","",""
"account_change_requests","reason","text","NO","","",""
"account_change_requests","state","text","NO","'PENDING'::text","",""
"account_change_requests","created_by","uuid","NO","","",""
"account_change_requests","created_at","timestamp with time zone","NO","now()","",""
"account_change_requests","reviewed_by","uuid","YES","","",""
"account_change_requests","reviewed_at","timestamp with time zone","YES","","",""
"account_change_requests","review_reason","text","YES","","",""
"account_change_requests","result_account_id","uuid","YES","","",""
"accounting_rule_legs","id","uuid","NO","gen_random_uuid()","",""
"accounting_rule_legs","company_id","uuid","NO","","",""
"accounting_rule_legs","created_by","uuid","NO","","",""
"accounting_rule_legs","created_at","timestamp with time zone","NO","now()","",""
"accounting_rule_legs","leg_code","text","NO","","",""
"accounting_rule_legs","side","text","NO","","",""
"accounting_rule_legs","amount_key","text","NO","","",""
"accounting_rule_legs","rule_set_id","uuid","NO","","",""
"accounting_rule_legs","account_id","uuid","NO","","",""
"accounting_rule_retirements","id","uuid","NO","gen_random_uuid()","",""
"accounting_rule_retirements","company_id","uuid","NO","","",""
"accounting_rule_retirements","rule_set_id","uuid","NO","","",""
"accounting_rule_retirements","version","integer","NO","","32","0"
"accounting_rule_retirements","effective_through","date","NO","","",""
"accounting_rule_retirements","request_id","uuid","NO","","",""
"accounting_rule_retirements","created_by","uuid","NO","","",""
"accounting_rule_retirements","reviewed_by","uuid","NO","","",""
"accounting_rule_retirements","created_at","timestamp with time zone","NO","now()","",""
"accounting_rule_sets","id","uuid","NO","gen_random_uuid()","",""
"accounting_rule_sets","company_id","uuid","NO","","",""
"accounting_rule_sets","created_by","uuid","NO","","",""
"accounting_rule_sets","created_at","timestamp with time zone","NO","now()","",""
"accounting_rule_sets","event_type","text","NO","","",""
"accounting_rule_sets","version","integer","NO","","32","0"
"accounting_rule_sets","valid_from","date","NO","","",""
"accounting_rule_sets","valid_to","date","YES","","",""
"accounting_rule_sets","priority","integer","NO","","32","0"
"accounting_rule_sets","approved_by","uuid","YES","","",""
"accounting_rule_sets","approved_at","timestamp with time zone","YES","","",""
"accounting_rule_sets","active","boolean","NO","false","",""
"accounting_rule_sets","branch_id","uuid","YES","","",""
"accounting_rule_sets","warehouse_id","uuid","YES","","",""
"accounting_rule_sets","product_id","uuid","YES","","",""
"accounting_rule_sets","category_id","uuid","YES","","",""
"accounting_rule_sets","tax_category_id","uuid","YES","","",""
"accounting_rule_sets","payment_method_id","uuid","YES","","",""
"accounting_rule_sets","contract_version","integer","YES","","32","0"
"accounting_rule_sets","publication_request_id","uuid","YES","","",""
"accounts","id","uuid","NO","gen_random_uuid()","",""
"accounts","company_id","uuid","NO","","",""
"accounts","code","text","NO","","",""
"accounts","name","text","NO","","",""
"accounts","account_type","text","NO","","",""
"accounts","parent_id","uuid","YES","","",""
"accounts","control_type","text","YES","","",""
"accounts","currency","character","YES","","",""
"accounts","postable","boolean","NO","true","",""
"accounts","active","boolean","NO","true","",""
"accounts","created_by","uuid","NO","","",""
"accounts","version","integer","NO","1","32","0"
"accounts","created_at","timestamp with time zone","YES","now()","",""
"accounts","updated_by","uuid","YES","","",""
"accounts","updated_at","timestamp with time zone","YES","","",""
"accounts","last_request_id","uuid","YES","","",""
"approval_decisions","id","uuid","NO","gen_random_uuid()","",""
"approval_decisions","company_id","uuid","NO","","",""
"approval_decisions","created_by","uuid","NO","","",""
"approval_decisions","created_at","timestamp with time zone","NO","now()","",""
"approval_decisions","revision","integer","NO","","32","0"
"approval_decisions","decision","text","NO","","",""
"approval_decisions","comments","text","NO","","",""
"approval_decisions","source_id","uuid","NO","","",""
"approval_decisions","step_id","uuid","YES","","",""
"approval_decisions","step_no","integer","NO","1","32","0"
"approval_policies","id","uuid","NO","gen_random_uuid()","",""
"approval_policies","company_id","uuid","NO","","",""
"approval_policies","created_by","uuid","NO","","",""
"approval_policies","created_at","timestamp with time zone","NO","now()","",""
"approval_policies","event_type","text","NO","","",""
"approval_policies","version","integer","NO","","32","0"
"approval_policies","threshold_base","money_amount","NO","","20","2"
"approval_policies","independent_creator","boolean","NO","","",""
"approval_policies","independent_poster","boolean","NO","","",""
"approval_policies","active","boolean","NO","false","",""
"approval_policies","branch_id","uuid","YES","","",""
"approval_policies","published_by","uuid","YES","","",""
"approval_policies","published_at","timestamp with time zone","YES","","",""
"approval_policies","superseded_at","timestamp with time zone","YES","","",""
"approval_steps","id","uuid","NO","gen_random_uuid()","",""
"approval_steps","company_id","uuid","NO","","",""
"approval_steps","created_by","uuid","NO","","",""
"approval_steps","created_at","timestamp with time zone","NO","now()","",""
"approval_steps","step_no","integer","NO","","32","0"
"approval_steps","required_permission","text","NO","","",""
"approval_steps","minimum_approvers","integer","NO","1","32","0"
"approval_steps","policy_id","uuid","NO","","",""
"attachments","id","uuid","NO","gen_random_uuid()","",""
"attachments","company_id","uuid","NO","","",""
"attachments","created_by","uuid","NO","","",""
"attachments","created_at","timestamp with time zone","NO","now()","",""
"attachments","object_key","text","NO","","",""
"attachments","original_name","text","NO","","",""
"attachments","mime_type","text","NO","","",""
"attachments","size_bytes","bigint","NO","","64","0"
"attachments","sha256","text","NO","","",""
"attachments","scan_status","text","NO","","",""
"attachments","retained_until","date","YES","","",""
"attachments","legal_hold","boolean","NO","false","",""
"attachments","source_id","uuid","NO","","",""
"audit_logs","id","uuid","NO","gen_random_uuid()","",""
"audit_logs","company_id","uuid","NO","","",""
"audit_logs","actor_id","uuid","NO","","",""
"audit_logs","initiated_by","uuid","YES","","",""
"audit_logs","action","text","NO","","",""
"audit_logs","module","text","NO","","",""
"audit_logs","entity_type","text","NO","","",""
"audit_logs","entity_id","uuid","YES","","",""
"audit_logs","source_id","uuid","YES","","",""
"audit_logs","request_id","uuid","NO","","",""
"audit_logs","session_id","uuid","YES","","",""
"audit_logs","ip","inet","YES","","",""
"audit_logs","device","text","YES","","",""
"audit_logs","old_values","jsonb","YES","","",""
"audit_logs","new_values","jsonb","YES","","",""
"audit_logs","reason","text","YES","","",""
"audit_logs","created_at","timestamp with time zone","NO","now()","",""
"auth_delivery_outbox","id","uuid","NO","gen_random_uuid()","",""
"auth_delivery_outbox","reset_token_id","uuid","NO","","",""
"auth_delivery_outbox","user_id","uuid","NO","","",""
"auth_delivery_outbox","created_by","uuid","NO","","",""
"auth_delivery_outbox","encrypted_payload","text","NO","","",""
"auth_delivery_outbox","expires_at","timestamp with time zone","NO","","",""
"auth_delivery_outbox","created_at","timestamp with time zone","NO","now()","",""
"auth_delivery_outbox","sent_at","timestamp with time zone","YES","","",""
"auth_delivery_outbox","attempts","integer","NO","0","32","0"
"auth_delivery_outbox","lease_until","timestamp with time zone","YES","","",""
"auth_delivery_outbox","last_error_code","text","YES","","",""
"auth_rate_limits","bucket","text","NO","","",""
"auth_rate_limits","window_start","timestamp with time zone","NO","","",""
"auth_rate_limits","attempts","integer","NO","","32","0"
"bank_accounts","id","uuid","NO","gen_random_uuid()","",""
"bank_accounts","company_id","uuid","NO","","",""
"bank_accounts","created_by","uuid","NO","","",""
"bank_accounts","created_at","timestamp with time zone","NO","now()","",""
"bank_accounts","name","text","NO","","",""
"bank_accounts","institution","text","NO","","",""
"bank_accounts","account_reference_encrypted","text","NO","","",""
"bank_accounts","currency","character","NO","","",""
"bank_accounts","account_id","uuid","NO","","",""
"branches","id","uuid","NO","gen_random_uuid()","",""
"branches","company_id","uuid","NO","","",""
"branches","code","text","NO","","",""
"branches","name","text","NO","","",""
"branches","active","boolean","NO","true","",""
"branches","created_by","uuid","NO","","",""
"branches","version","integer","NO","1","32","0"
"branches","created_at","timestamp with time zone","YES","now()","",""
"branches","updated_by","uuid","YES","","",""
"branches","updated_at","timestamp with time zone","YES","","",""
"brands","id","uuid","NO","gen_random_uuid()","",""
"brands","company_id","uuid","NO","","",""
"brands","created_by","uuid","NO","","",""
"brands","created_at","timestamp with time zone","NO","now()","",""
"brands","name","text","NO","","",""
"brands","catalog_version","integer","NO","0","32","0"
"cash_counts","id","uuid","NO","gen_random_uuid()","",""
"cash_counts","company_id","uuid","NO","","",""
"cash_counts","created_by","uuid","NO","","",""
"cash_counts","created_at","timestamp with time zone","NO","now()","",""
"cash_counts","source_id","uuid","NO","","",""
"cash_counts","counted_amount","money_amount","NO","","20","2"
"cash_counts","denomination_snapshot","jsonb","NO","","",""
"cash_counts","approved_by","uuid","YES","","",""
"cash_counts","approved_at","timestamp with time zone","YES","","",""
"cash_counts","reason","text","YES","","",""
"cash_counts","session_id","uuid","YES","","",""
"cash_counts","account_id","uuid","NO","","",""
"cash_movements","id","uuid","NO","gen_random_uuid()","",""
"cash_movements","company_id","uuid","NO","","",""
"cash_movements","created_by","uuid","NO","","",""
"cash_movements","created_at","timestamp with time zone","NO","now()","",""
"cash_movements","signed_amount","money_amount","NO","","20","2"
"cash_movements","movement_type","text","NO","","",""
"cash_movements","source_id","uuid","NO","","",""
"cash_movements","session_id","uuid","YES","","",""
"cash_movements","account_id","uuid","NO","","",""
"cash_movements","journal_line_id","uuid","NO","","",""
"cashier_sessions","id","uuid","NO","gen_random_uuid()","",""
"cashier_sessions","company_id","uuid","NO","","",""
"cashier_sessions","created_by","uuid","NO","","",""
"cashier_sessions","created_at","timestamp with time zone","NO","now()","",""
"cashier_sessions","source_id","uuid","NO","","",""
"cashier_sessions","cashier_id","uuid","NO","","",""
"cashier_sessions","status","text","NO","","",""
"cashier_sessions","opened_at","timestamp with time zone","NO","","",""
"cashier_sessions","closed_at","timestamp with time zone","YES","","",""
"cashier_sessions","reconciled_by","uuid","YES","","",""
"cashier_sessions","approved_by","uuid","YES","","",""
"cashier_sessions","expected_cash","money_amount","YES","","20","2"
"cashier_sessions","actual_cash","money_amount","YES","","20","2"
"cashier_sessions","variance_reason","text","YES","","",""
"cashier_sessions","terminal_id","uuid","NO","","",""
"cashier_sessions","branch_id","uuid","NO","","",""
"companies","id","uuid","NO","gen_random_uuid()","",""
"companies","code","text","NO","","",""
"companies","name","text","NO","","",""
"companies","tax_pin","text","YES","","",""
"companies","base_currency","character","NO","","",""
"companies","timezone","text","NO","'Africa/Nairobi'::text","",""
"companies","active","boolean","NO","true","",""
"companies","created_by","uuid","NO","","",""
"companies","created_at","timestamp with time zone","NO","now()","",""
"companies","independent_approval","boolean","NO","true","",""
"companies","independent_posting","boolean","NO","true","",""
"companies","version","integer","NO","1","32","0"
"companies","updated_by","uuid","YES","","",""
"companies","updated_at","timestamp with time zone","YES","","",""
"cost_centers","id","uuid","NO","gen_random_uuid()","",""
"cost_centers","company_id","uuid","NO","","",""
"cost_centers","created_by","uuid","NO","","",""
"cost_centers","created_at","timestamp with time zone","NO","now()","",""
"cost_centers","code","text","NO","","",""
"cost_centers","name","text","NO","","",""
"cost_layer_allocations","id","uuid","NO","gen_random_uuid()","",""
"cost_layer_allocations","company_id","uuid","NO","","",""
"cost_layer_allocations","created_by","uuid","NO","","",""
"cost_layer_allocations","created_at","timestamp with time zone","NO","now()","",""
"cost_layer_allocations","quantity","quantity_amount","NO","","20","6"
"cost_layer_allocations","base_value","money_amount","NO","","20","2"
"cost_layer_allocations","layer_id","uuid","NO","","",""
"cost_layer_allocations","issue_movement_id","uuid","NO","","",""
"cost_layers","id","uuid","NO","gen_random_uuid()","",""
"cost_layers","company_id","uuid","NO","","",""
"cost_layers","created_by","uuid","NO","","",""
"cost_layers","created_at","timestamp with time zone","NO","now()","",""
"cost_layers","received_quantity","quantity_amount","NO","","20","6"
"cost_layers","unit_cost","unit_amount","NO","","20","6"
"cost_layers","receipt_movement_id","uuid","NO","","",""
"currencies","code","character","NO","","",""
"currencies","name","text","NO","","",""
"currencies","scale","smallint","NO","","16","0"
"customer_accounts","id","uuid","NO","gen_random_uuid()","",""
"customer_accounts","company_id","uuid","NO","","",""
"customer_accounts","created_by","uuid","NO","","",""
"customer_accounts","created_at","timestamp with time zone","NO","now()","",""
"customer_accounts","customer_id","uuid","NO","","",""
"customer_accounts","control_account_id","uuid","NO","","",""
"customer_amendment_requests","id","uuid","NO","gen_random_uuid()","",""
"customer_amendment_requests","company_id","uuid","NO","","",""
"customer_amendment_requests","customer_id","uuid","NO","","",""
"customer_amendment_requests","expected_version","integer","NO","","32","0"
"customer_amendment_requests","name","text","NO","","",""
"customer_amendment_requests","phone","text","YES","","",""
"customer_amendment_requests","email","text","YES","","",""
"customer_amendment_requests","address","text","YES","","",""
"customer_amendment_requests","credit_limit","money_amount","NO","","20","2"
"customer_amendment_requests","payment_terms_days","integer","NO","","32","0"
"customer_amendment_requests","credit_hold","boolean","NO","","",""
"customer_amendment_requests","before_snapshot","jsonb","NO","","",""
"customer_amendment_requests","credit_changed","boolean","NO","","",""
"customer_amendment_requests","created_by","uuid","NO","","",""
"customer_amendment_requests","created_at","timestamp with time zone","NO","now()","",""
"customer_amendment_requests","reason","text","NO","","",""
"customer_amendment_requests","state","text","NO","'PENDING'::text","",""
"customer_amendment_requests","reviewed_by","uuid","YES","","",""
"customer_amendment_requests","reviewed_at","timestamp with time zone","YES","","",""
"customer_amendment_requests","review_reason","text","YES","","",""
"customer_change_requests","id","uuid","NO","gen_random_uuid()","",""
"customer_change_requests","company_id","uuid","NO","","",""
"customer_change_requests","created_by","uuid","NO","","",""
"customer_change_requests","created_at","timestamp with time zone","NO","now()","",""
"customer_change_requests","number","text","NO","","",""
"customer_change_requests","name","text","NO","","",""
"customer_change_requests","phone","text","YES","","",""
"customer_change_requests","email","text","YES","","",""
"customer_change_requests","address","text","YES","","",""
"customer_change_requests","tax_pin","text","YES","","",""
"customer_change_requests","customer_type","text","NO","","",""
"customer_change_requests","credit_limit","money_amount","NO","","20","2"
"customer_change_requests","payment_terms_days","integer","NO","","32","0"
"customer_change_requests","currency","character","NO","","",""
"customer_change_requests","control_account_id","uuid","YES","","",""
"customer_change_requests","tax_category_id","uuid","YES","","",""
"customer_change_requests","reason","text","NO","","",""
"customer_change_requests","new_customer_id","uuid","NO","gen_random_uuid()","",""
"customer_change_requests","new_account_id","uuid","NO","gen_random_uuid()","",""
"customer_change_requests","state","text","NO","'PENDING'::text","",""
"customer_change_requests","reviewed_by","uuid","YES","","",""
"customer_change_requests","reviewed_at","timestamp with time zone","YES","","",""
"customer_change_requests","review_reason","text","YES","","",""
"customer_transactions","id","uuid","NO","gen_random_uuid()","",""
"customer_transactions","company_id","uuid","NO","","",""
"customer_transactions","created_by","uuid","NO","","",""
"customer_transactions","created_at","timestamp with time zone","NO","now()","",""
"customer_transactions","entry_type","text","NO","","",""
"customer_transactions","currency","character","NO","","",""
"customer_transactions","debit","money_amount","NO","0","20","2"
"customer_transactions","credit","money_amount","NO","0","20","2"
"customer_transactions","base_debit","money_amount","NO","0","20","2"
"customer_transactions","base_credit","money_amount","NO","0","20","2"
"customer_transactions","due_date","date","YES","","",""
"customer_transactions","customer_id","uuid","NO","","",""
"customer_transactions","source_id","uuid","NO","","",""
"customer_transactions","control_account_id","uuid","NO","","",""
"customer_transactions","journal_line_id","uuid","NO","","",""
"customers","id","uuid","NO","gen_random_uuid()","",""
"customers","company_id","uuid","NO","","",""
"customers","created_by","uuid","NO","","",""
"customers","created_at","timestamp with time zone","NO","now()","",""
"customers","number","text","NO","","",""
"customers","name","text","NO","","",""
"customers","phone","text","YES","","",""
"customers","email","text","YES","","",""
"customers","address","text","YES","","",""
"customers","tax_pin","text","YES","","",""
"customers","payment_terms_days","integer","NO","0","32","0"
"customers","currency","character","NO","","",""
"customers","active","boolean","NO","true","",""
"customers","customer_type","text","NO","","",""
"customers","credit_limit","money_amount","NO","0","20","2"
"customers","credit_hold","boolean","NO","false","",""
"customers","tax_category_id","uuid","YES","","",""
"customers","publication_request_id","uuid","YES","","",""
"customers","approved_by","uuid","YES","","",""
"customers","approved_at","timestamp with time zone","YES","","",""
"customers","version","integer","NO","0","32","0"
"document_events","id","uuid","NO","gen_random_uuid()","",""
"document_events","company_id","uuid","NO","","",""
"document_events","source_id","uuid","NO","","",""
"document_events","actor_id","uuid","NO","","",""
"document_events","action","text","NO","","",""
"document_events","old_status","text","YES","","",""
"document_events","new_status","text","YES","","",""
"document_events","reason","text","YES","","",""
"document_events","revision","integer","NO","","32","0"
"document_events","created_at","timestamp with time zone","NO","now()","",""
"document_links","company_id","uuid","NO","","",""
"document_links","source_id","uuid","NO","","",""
"document_links","target_id","uuid","NO","","",""
"document_links","relation","text","NO","","",""
"document_links","created_by","uuid","NO","","",""
"document_links","created_at","timestamp with time zone","NO","now()","",""
"document_numbering_defaults","document_type","text","NO","","",""
"document_numbering_defaults","prefix","text","NO","","",""
"document_numbering_defaults","padding","integer","NO","","32","0"
"document_numbering_defaults","version","integer","NO","1","32","0"
"document_numbering_policies","id","uuid","NO","","",""
"document_numbering_policies","company_id","uuid","NO","","",""
"document_numbering_policies","branch_id","uuid","NO","","",""
"document_numbering_policies","document_type","text","NO","","",""
"document_numbering_policies","calendar_year","integer","NO","","32","0"
"document_numbering_policies","prefix","text","NO","","",""
"document_numbering_policies","padding","integer","NO","","32","0"
"document_numbering_policies","version","integer","NO","1","32","0"
"document_numbering_policies","created_by","uuid","NO","","",""
"document_numbering_policies","created_at","timestamp with time zone","NO","now()","",""
"document_numbering_policies","updated_by","uuid","YES","","",""
"document_numbering_policies","updated_at","timestamp with time zone","YES","","",""
"document_numbering_policies","last_request_id","uuid","NO","","",""
"document_sequences","company_id","uuid","NO","","",""
"document_sequences","branch_id","uuid","NO","","",""
"document_sequences","document_type","text","NO","","",""
"document_sequences","financial_year","integer","NO","","32","0"
"document_sequences","prefix","text","NO","","",""
"document_sequences","last_value","bigint","NO","0","64","0"
"document_sequences","padding","integer","NO","6","32","0"
"document_sequences","allocated_by","uuid","YES","actor_uuid()","",""
"document_sequences","allocated_at","timestamp with time zone","YES","now()","",""
"exchange_rates","id","uuid","NO","gen_random_uuid()","",""
"exchange_rates","company_id","uuid","NO","","",""
"exchange_rates","created_by","uuid","NO","","",""
"exchange_rates","created_at","timestamp with time zone","NO","now()","",""
"exchange_rates","currency","character","NO","","",""
"exchange_rates","base_currency","character","NO","","",""
"exchange_rates","effective_at","timestamp with time zone","NO","","",""
"exchange_rates","rate","rate_amount","NO","","20","10"
"exchange_rates","provider","text","NO","","",""
"expense_categories","id","uuid","NO","gen_random_uuid()","",""
"expense_categories","company_id","uuid","NO","","",""
"expense_categories","created_by","uuid","NO","","",""
"expense_categories","created_at","timestamp with time zone","NO","now()","",""
"expense_categories","name","text","NO","","",""
"expense_categories","expense_account_id","uuid","NO","","",""
"expense_lines","id","uuid","NO","gen_random_uuid()","",""
"expense_lines","company_id","uuid","NO","","",""
"expense_lines","created_by","uuid","NO","","",""
"expense_lines","created_at","timestamp with time zone","NO","now()","",""
"expense_lines","line_no","integer","NO","","32","0"
"expense_lines","quantity","quantity_amount","NO","","20","6"
"expense_lines","unit_price","unit_amount","NO","","20","6"
"expense_lines","discount","money_amount","NO","0","20","2"
"expense_lines","net","money_amount","NO","","20","2"
"expense_lines","tax","money_amount","NO","","20","2"
"expense_lines","gross","money_amount","NO","","20","2"
"expense_lines","tax_snapshot","jsonb","NO","","",""
"expense_lines","expense_id","uuid","NO","","",""
"expense_lines","category_id","uuid","NO","","",""
"expense_lines","account_id","uuid","NO","","",""
"expense_lines","cost_center_id","uuid","YES","","",""
"expenses","id","uuid","NO","gen_random_uuid()","",""
"expenses","company_id","uuid","NO","","",""
"expenses","created_by","uuid","NO","","",""
"expenses","created_at","timestamp with time zone","NO","now()","",""
"expenses","source_id","uuid","NO","","",""
"expenses","payee_name","text","YES","","",""
"expenses","description","text","NO","","",""
"expenses","net","money_amount","NO","","20","2"
"expenses","tax","money_amount","NO","","20","2"
"expenses","gross","money_amount","NO","","20","2"
"expenses","supplier_id","uuid","YES","","",""
"expenses","payment_id","uuid","YES","","",""
"financial_periods","id","uuid","NO","gen_random_uuid()","",""
"financial_periods","company_id","uuid","NO","","",""
"financial_periods","name","text","NO","","",""
"financial_periods","starts_on","date","NO","","",""
"financial_periods","ends_on","date","NO","","",""
"financial_periods","status","text","NO","'OPEN'::text","",""
"financial_periods","created_by","uuid","NO","","",""
"financial_periods","updated_by","uuid","YES","","",""
"financial_periods","updated_at","timestamp with time zone","YES","","",""
"fiscal_submissions","id","uuid","NO","gen_random_uuid()","",""
"fiscal_submissions","company_id","uuid","NO","","",""
"fiscal_submissions","created_by","uuid","NO","","",""
"fiscal_submissions","created_at","timestamp with time zone","NO","now()","",""
"fiscal_submissions","adapter","text","NO","","",""
"fiscal_submissions","version","integer","NO","","32","0"
"fiscal_submissions","payload_snapshot","jsonb","NO","","",""
"fiscal_submissions","payload_hash","text","NO","","",""
"fiscal_submissions","status","text","NO","","",""
"fiscal_submissions","external_reference","text","YES","","",""
"fiscal_submissions","fiscal_receipt","jsonb","YES","","",""
"fiscal_submissions","attempt_count","integer","NO","0","32","0"
"fiscal_submissions","last_error","text","YES","","",""
"fiscal_submissions","source_id","uuid","NO","","",""
"grn_lines","id","uuid","NO","gen_random_uuid()","",""
"grn_lines","company_id","uuid","NO","","",""
"grn_lines","created_by","uuid","NO","","",""
"grn_lines","created_at","timestamp with time zone","NO","now()","",""
"grn_lines","accepted_quantity","quantity_amount","NO","","20","6"
"grn_lines","rejected_quantity","quantity_amount","NO","0","20","6"
"grn_lines","damaged_quantity","quantity_amount","NO","0","20","6"
"grn_lines","provisional_unit_cost","unit_amount","NO","","20","6"
"grn_lines","grn_id","uuid","NO","","",""
"grn_lines","order_line_id","uuid","NO","","",""
"grn_lines","product_id","uuid","NO","","",""
"grn_lines","lot_id","uuid","YES","","",""
"grn_lines","serial_id","uuid","YES","","",""
"grns","id","uuid","NO","gen_random_uuid()","",""
"grns","company_id","uuid","NO","","",""
"grns","created_by","uuid","NO","","",""
"grns","created_at","timestamp with time zone","NO","now()","",""
"grns","source_id","uuid","NO","","",""
"grns","delivery_reference","text","NO","","",""
"grns","order_id","uuid","NO","","",""
"grns","supplier_id","uuid","NO","","",""
"grns","warehouse_id","uuid","NO","","",""
"idempotency_keys","company_id","uuid","NO","","",""
"idempotency_keys","actor_id","uuid","NO","","",""
"idempotency_keys","command","text","NO","","",""
"idempotency_keys","key","text","NO","","",""
"idempotency_keys","request_hash","text","NO","","",""
"idempotency_keys","result","jsonb","YES","","",""
"idempotency_keys","created_at","timestamp with time zone","NO","now()","",""
"integration_inbox","id","uuid","NO","gen_random_uuid()","",""
"integration_inbox","company_id","uuid","NO","","",""
"integration_inbox","created_by","uuid","NO","","",""
"integration_inbox","created_at","timestamp with time zone","NO","now()","",""
"integration_inbox","provider","text","NO","","",""
"integration_inbox","external_event_key","text","NO","","",""
"integration_inbox","payload_hash","text","NO","","",""
"integration_inbox","encrypted_payload","text","NO","","",""
"integration_inbox","received_at","timestamp with time zone","NO","now()","",""
"integration_inbox","processed_at","timestamp with time zone","YES","","",""
"integration_inbox","failure_reason","text","YES","","",""
"inventory_adjustment_lines","id","uuid","NO","gen_random_uuid()","",""
"inventory_adjustment_lines","company_id","uuid","NO","","",""
"inventory_adjustment_lines","source_id","uuid","NO","","",""
"inventory_adjustment_lines","warehouse_id","uuid","NO","","",""
"inventory_adjustment_lines","product_id","uuid","NO","","",""
"inventory_adjustment_lines","original_movement_id","uuid","YES","","",""
"inventory_adjustment_lines","quantity","quantity_amount","NO","","20","6"
"inventory_adjustment_lines","gain_value","money_amount","YES","","20","2"
"inventory_adjustment_lines","created_by","uuid","NO","","",""
"inventory_adjustment_lines","created_at","timestamp with time zone","NO","now()","",""
"inventory_balances","id","uuid","NO","gen_random_uuid()","",""
"inventory_balances","company_id","uuid","NO","","",""
"inventory_balances","created_by","uuid","NO","","",""
"inventory_balances","created_at","timestamp with time zone","NO","now()","",""
"inventory_balances","quantity","quantity_amount","NO","0","20","6"
"inventory_balances","base_value","money_amount","NO","0","20","2"
"inventory_balances","version","bigint","NO","0","64","0"
"inventory_balances","warehouse_id","uuid","NO","","",""
"inventory_balances","product_id","uuid","NO","","",""
"inventory_balances","last_valued_date","date","YES","","",""
"inventory_lots","id","uuid","NO","gen_random_uuid()","",""
"inventory_lots","company_id","uuid","NO","","",""
"inventory_lots","created_by","uuid","NO","","",""
"inventory_lots","created_at","timestamp with time zone","NO","now()","",""
"inventory_lots","batch_number","text","NO","","",""
"inventory_lots","expiry_date","date","YES","","",""
"inventory_lots","product_id","uuid","NO","","",""
"inventory_movements","id","uuid","NO","gen_random_uuid()","",""
"inventory_movements","company_id","uuid","NO","","",""
"inventory_movements","created_by","uuid","NO","","",""
"inventory_movements","created_at","timestamp with time zone","NO","now()","",""
"inventory_movements","movement_type","text","NO","","",""
"inventory_movements","source_line_id","uuid","NO","","",""
"inventory_movements","occurred_at","timestamp with time zone","NO","","",""
"inventory_movements","quantity","quantity_amount","NO","","20","6"
"inventory_movements","base_value","money_amount","NO","","20","2"
"inventory_movements","unit_cost","unit_amount","NO","","20","6"
"inventory_movements","approved_by","uuid","YES","","",""
"inventory_movements","source_id","uuid","NO","","",""
"inventory_movements","warehouse_id","uuid","NO","","",""
"inventory_movements","product_id","uuid","NO","","",""
"inventory_movements","lot_id","uuid","YES","","",""
"inventory_movements","serial_id","uuid","YES","","",""
"inventory_movements","journal_id","uuid","NO","","",""
"inventory_movements","original_movement_id","uuid","YES","","",""
"inventory_movements","valuation_id","uuid","YES","","",""
"inventory_movements","pool_version","bigint","YES","","64","0"
"inventory_serials","id","uuid","NO","gen_random_uuid()","",""
"inventory_serials","company_id","uuid","NO","","",""
"inventory_serials","created_by","uuid","NO","","",""
"inventory_serials","created_at","timestamp with time zone","NO","now()","",""
"inventory_serials","serial_number","text","NO","","",""
"inventory_serials","product_id","uuid","NO","","",""
"inventory_valuations","id","uuid","NO","gen_random_uuid()","",""
"inventory_valuations","company_id","uuid","NO","","",""
"inventory_valuations","source_id","uuid","NO","","",""
"inventory_valuations","revision","integer","NO","","32","0"
"inventory_valuations","pool_version","bigint","NO","","64","0"
"inventory_valuations","before_quantity","quantity_amount","NO","","20","6"
"inventory_valuations","before_value","money_amount","NO","","20","2"
"inventory_valuations","quantity_delta","quantity_amount","NO","","20","6"
"inventory_valuations","value_delta","money_amount","NO","","20","2"
"inventory_valuations","after_quantity","quantity_amount","NO","","20","6"
"inventory_valuations","after_value","money_amount","NO","","20","2"
"inventory_valuations","unit_cost","unit_amount","NO","","20","6"
"inventory_valuations","rule_id","uuid","NO","","",""
"inventory_valuations","rule_snapshot","jsonb","NO","'{}'::jsonb","",""
"inventory_valuations","created_by","uuid","NO","","",""
"inventory_valuations","created_at","timestamp with time zone","NO","now()","",""
"invoice_receipt_allocations","id","uuid","NO","gen_random_uuid()","",""
"invoice_receipt_allocations","company_id","uuid","NO","","",""
"invoice_receipt_allocations","created_by","uuid","NO","","",""
"invoice_receipt_allocations","created_at","timestamp with time zone","NO","now()","",""
"invoice_receipt_allocations","quantity","quantity_amount","NO","","20","6"
"invoice_receipt_allocations","matched_value","money_amount","NO","","20","2"
"invoice_receipt_allocations","invoice_line_id","uuid","NO","","",""
"invoice_receipt_allocations","grn_line_id","uuid","NO","","",""
"journal_entries","id","uuid","NO","gen_random_uuid()","",""
"journal_entries","company_id","uuid","NO","","",""
"journal_entries","branch_id","uuid","NO","","",""
"journal_entries","source_id","uuid","NO","","",""
"journal_entries","number","text","NO","","",""
"journal_entries","accounting_date","date","NO","","",""
"journal_entries","period_id","uuid","NO","","",""
"journal_entries","currency","character","NO","","",""
"journal_entries","base_currency","character","NO","","",""
"journal_entries","exchange_rate","rate_amount","NO","","20","10"
"journal_entries","status","text","NO","'BUILDING'::text","",""
"journal_entries","description","text","NO","","",""
"journal_entries","created_by","uuid","NO","","",""
"journal_entries","posted_by","uuid","NO","","",""
"journal_entries","posted_at","timestamp with time zone","NO","now()","",""
"journal_entries","reversal_of","uuid","YES","","",""
"journal_entries","rule_snapshot","jsonb","NO","'{}'::jsonb","",""
"journal_lines","id","uuid","NO","gen_random_uuid()","",""
"journal_lines","company_id","uuid","NO","","",""
"journal_lines","journal_id","uuid","NO","","",""
"journal_lines","line_no","integer","NO","","32","0"
"journal_lines","account_id","uuid","NO","","",""
"journal_lines","debit","money_amount","NO","0","20","2"
"journal_lines","credit","money_amount","NO","0","20","2"
"journal_lines","base_debit","money_amount","NO","0","20","2"
"journal_lines","base_credit","money_amount","NO","0","20","2"
"journal_lines","description","text","NO","''::text","",""
"journal_lines","dimensions","jsonb","NO","'{}'::jsonb","",""
"journal_lines","created_by","uuid","NO","","",""
"journal_posting_rule_applications","company_id","uuid","NO","","",""
"journal_posting_rule_applications","journal_id","uuid","NO","","",""
"journal_posting_rule_applications","rule_set_id","uuid","NO","","",""
"login_history","id","uuid","NO","gen_random_uuid()","",""
"login_history","user_id","uuid","YES","","",""
"login_history","email_digest","text","NO","","",""
"login_history","success","boolean","NO","","",""
"login_history","reason","text","NO","","",""
"login_history","ip","inet","YES","","",""
"login_history","created_at","timestamp with time zone","NO","now()","",""
"match_exceptions","id","uuid","NO","gen_random_uuid()","",""
"match_exceptions","company_id","uuid","NO","","",""
"match_exceptions","created_by","uuid","NO","","",""
"match_exceptions","created_at","timestamp with time zone","NO","now()","",""
"match_exceptions","variance_type","text","NO","","",""
"match_exceptions","expected","numeric","NO","","20","6"
"match_exceptions","actual","numeric","NO","","20","6"
"match_exceptions","decision","text","YES","","",""
"match_exceptions","decided_by","uuid","YES","","",""
"match_exceptions","decided_at","timestamp with time zone","YES","","",""
"match_exceptions","reason","text","YES","","",""
"match_exceptions","invoice_id","uuid","NO","","",""
"match_exceptions","tolerance_id","uuid","NO","","",""
"match_tolerances","id","uuid","NO","gen_random_uuid()","",""
"match_tolerances","company_id","uuid","NO","","",""
"match_tolerances","created_by","uuid","NO","","",""
"match_tolerances","created_at","timestamp with time zone","NO","now()","",""
"match_tolerances","version","integer","NO","","32","0"
"match_tolerances","quantity_percent","rate_amount","NO","","20","10"
"match_tolerances","price_percent","rate_amount","NO","","20","10"
"match_tolerances","tax_amount","money_amount","NO","","20","2"
"match_tolerances","valid_from","date","NO","","",""
"memberships","company_id","uuid","NO","","",""
"memberships","user_id","uuid","NO","","",""
"memberships","active","boolean","NO","true","",""
"memberships","version","integer","NO","1","32","0"
"memberships","created_by","uuid","NO","","",""
"memberships","updated_by","uuid","YES","","",""
"memberships","updated_at","timestamp with time zone","YES","","",""
"mobile_money_accounts","id","uuid","NO","gen_random_uuid()","",""
"mobile_money_accounts","company_id","uuid","NO","","",""
"mobile_money_accounts","created_by","uuid","NO","","",""
"mobile_money_accounts","created_at","timestamp with time zone","NO","now()","",""
"mobile_money_accounts","name","text","NO","","",""
"mobile_money_accounts","provider","text","NO","","",""
"mobile_money_accounts","merchant_code","text","NO","","",""
"mobile_money_accounts","credential_secret_ref","text","NO","","",""
"mobile_money_accounts","currency","character","NO","","",""
"mobile_money_accounts","account_id","uuid","NO","","",""
"numbering_change_requests","id","uuid","NO","gen_random_uuid()","",""
"numbering_change_requests","company_id","uuid","NO","","",""
"numbering_change_requests","branch_id","uuid","NO","","",""
"numbering_change_requests","document_type","text","NO","","",""
"numbering_change_requests","calendar_year","integer","NO","","32","0"
"numbering_change_requests","prefix","text","NO","","",""
"numbering_change_requests","padding","integer","NO","","32","0"
"numbering_change_requests","expected_version","integer","NO","","32","0"
"numbering_change_requests","target_id","uuid","YES","","",""
"numbering_change_requests","new_policy_id","uuid","YES","","",""
"numbering_change_requests","reason","text","NO","","",""
"numbering_change_requests","state","text","NO","'PENDING'::text","",""
"numbering_change_requests","created_by","uuid","NO","","",""
"numbering_change_requests","created_at","timestamp with time zone","NO","now()","",""
"numbering_change_requests","reviewed_by","uuid","YES","","",""
"numbering_change_requests","reviewed_at","timestamp with time zone","YES","","",""
"numbering_change_requests","review_reason","text","YES","","",""
"numbering_change_requests","result_policy_id","uuid","YES","","",""
"outbox_events","id","uuid","NO","gen_random_uuid()","",""
"outbox_events","company_id","uuid","NO","","",""
"outbox_events","source_id","uuid","NO","","",""
"outbox_events","event_type","text","NO","","",""
"outbox_events","event_version","integer","NO","1","32","0"
"outbox_events","payload","jsonb","NO","","",""
"outbox_events","created_by","uuid","NO","","",""
"outbox_events","created_at","timestamp with time zone","NO","now()","",""
"outbox_events","available_at","timestamp with time zone","NO","now()","",""
"outbox_events","processed_at","timestamp with time zone","YES","","",""
"outbox_events","attempts","integer","NO","0","32","0"
"outbox_events","last_error","text","YES","","",""
"outbox_events","lease_until","timestamp with time zone","YES","","",""
"partner_notes","id","uuid","NO","gen_random_uuid()","",""
"partner_notes","company_id","uuid","NO","","",""
"partner_notes","created_by","uuid","NO","","",""
"partner_notes","created_at","timestamp with time zone","NO","now()","",""
"partner_notes","source_id","uuid","NO","","",""
"partner_notes","direction","text","NO","","",""
"partner_notes","net","money_amount","NO","","20","2"
"partner_notes","tax","money_amount","NO","","20","2"
"partner_notes","gross","money_amount","NO","","20","2"
"partner_notes","reason","text","NO","","",""
"partner_notes","customer_id","uuid","YES","","",""
"partner_notes","supplier_id","uuid","YES","","",""
"partner_notes","original_source_id","uuid","NO","","",""
"password_reset_tokens","id","uuid","NO","gen_random_uuid()","",""
"password_reset_tokens","user_id","uuid","NO","","",""
"password_reset_tokens","token_hash","text","NO","","",""
"password_reset_tokens","expires_at","timestamp with time zone","NO","","",""
"password_reset_tokens","used_at","timestamp with time zone","YES","","",""
"password_reset_tokens","created_at","timestamp with time zone","NO","now()","",""
"payment_allocations","id","uuid","NO","gen_random_uuid()","",""
"payment_allocations","company_id","uuid","NO","","",""
"payment_allocations","created_by","uuid","NO","","",""
"payment_allocations","created_at","timestamp with time zone","NO","now()","",""
"payment_allocations","amount","money_amount","NO","","20","2"
"payment_allocations","base_amount","money_amount","NO","","20","2"
"payment_allocations","payment_id","uuid","NO","","",""
"payment_allocations","invoice_source_id","uuid","NO","","",""
"payment_allocations","allocation_source_id","uuid","NO","","",""
"payment_allocations","reversal_of","uuid","YES","","",""
"payment_attempts","id","uuid","NO","gen_random_uuid()","",""
"payment_attempts","company_id","uuid","NO","","",""
"payment_attempts","created_by","uuid","NO","","",""
"payment_attempts","created_at","timestamp with time zone","NO","now()","",""
"payment_attempts","provider","text","NO","","",""
"payment_attempts","merchant_code","text","NO","","",""
"payment_attempts","checkout_reference","text","YES","","",""
"payment_attempts","external_receipt","text","YES","","",""
"payment_attempts","state","text","NO","","",""
"payment_attempts","request_hash","text","NO","","",""
"payment_attempts","response_redacted","jsonb","YES","","",""
"payment_attempts","verified_at","timestamp with time zone","YES","","",""
"payment_attempts","payment_id","uuid","NO","","",""
"payment_methods","id","uuid","NO","gen_random_uuid()","",""
"payment_methods","company_id","uuid","NO","","",""
"payment_methods","created_by","uuid","NO","","",""
"payment_methods","created_at","timestamp with time zone","NO","now()","",""
"payment_methods","code","text","NO","","",""
"payment_methods","name","text","NO","","",""
"payment_methods","channel","text","NO","","",""
"payment_methods","requires_verification","boolean","NO","","",""
"payment_methods","active","boolean","NO","true","",""
"payment_methods","account_id","uuid","NO","","",""
"payments","id","uuid","NO","gen_random_uuid()","",""
"payments","company_id","uuid","NO","","",""
"payments","created_by","uuid","NO","","",""
"payments","created_at","timestamp with time zone","NO","now()","",""
"payments","source_id","uuid","NO","","",""
"payments","direction","text","NO","","",""
"payments","amount","money_amount","NO","","20","2"
"payments","currency","character","NO","","",""
"payments","exchange_rate","rate_amount","NO","","20","10"
"payments","base_amount","money_amount","NO","","20","2"
"payments","reference","text","YES","","",""
"payments","status","text","NO","","",""
"payments","initiated_by","uuid","YES","","",""
"payments","posted_by","uuid","YES","","",""
"payments","posted_at","timestamp with time zone","YES","","",""
"payments","reversed_by","uuid","YES","","",""
"payments","reversed_at","timestamp with time zone","YES","","",""
"payments","verification_evidence","jsonb","YES","","",""
"payments","method_id","uuid","NO","","",""
"payments","account_id","uuid","NO","","",""
"payments","customer_id","uuid","YES","","",""
"payments","supplier_id","uuid","YES","","",""
"payments","cashier_session_id","uuid","YES","","",""
"permission_delegations","company_id","uuid","NO","","",""
"permission_delegations","user_id","uuid","NO","","",""
"permission_delegations","permission_code","text","NO","","",""
"permission_delegations","granted_by","uuid","NO","","",""
"permission_delegations","created_at","timestamp with time zone","NO","now()","",""
"permissions","code","text","NO","","",""
"permissions","description","text","NO","","",""
"pos_carts","id","uuid","NO","gen_random_uuid()","",""
"pos_carts","company_id","uuid","NO","","",""
"pos_carts","created_by","uuid","NO","","",""
"pos_carts","created_at","timestamp with time zone","NO","now()","",""
"pos_carts","source_id","uuid","NO","","",""
"pos_carts","version","integer","NO","1","32","0"
"pos_carts","state","text","NO","","",""
"pos_carts","cart_snapshot","jsonb","NO","","",""
"pos_carts","expires_at","timestamp with time zone","YES","","",""
"pos_carts","customer_id","uuid","YES","","",""
"pos_carts","session_id","uuid","NO","","",""
"pos_terminals","id","uuid","NO","gen_random_uuid()","",""
"pos_terminals","company_id","uuid","NO","","",""
"pos_terminals","created_by","uuid","NO","","",""
"pos_terminals","created_at","timestamp with time zone","NO","now()","",""
"pos_terminals","code","text","NO","","",""
"pos_terminals","name","text","NO","","",""
"pos_terminals","active","boolean","NO","true","",""
"pos_terminals","branch_id","uuid","NO","","",""
"pos_terminals","warehouse_id","uuid","NO","","",""
"posting_event_contracts","event_type","text","NO","","",""
"posting_event_contracts","contract_version","integer","NO","","32","0"
"posting_event_contracts","workflow_status","text","NO","'CONFIGURATION_ONLY'::text","",""
"posting_event_contracts","origin_migration","text","NO","","",""
"posting_event_contracts","migration_principal","text","NO","CURRENT_USER","",""
"posting_event_contracts","registered_at","timestamp with time zone","NO","now()","",""
"posting_event_contracts","sealed_at","timestamp with time zone","YES","","",""
"posting_event_leg_contracts","event_type","text","NO","","",""
"posting_event_leg_contracts","contract_version","integer","NO","","32","0"
"posting_event_leg_contracts","leg_code","text","NO","","",""
"posting_event_leg_contracts","side","text","NO","","",""
"posting_event_leg_contracts","amount_key","text","NO","","",""
"posting_event_leg_eligibility","id","uuid","NO","gen_random_uuid()","",""
"posting_event_leg_eligibility","event_type","text","NO","","",""
"posting_event_leg_eligibility","contract_version","integer","NO","","32","0"
"posting_event_leg_eligibility","leg_code","text","NO","","",""
"posting_event_leg_eligibility","account_type","text","NO","","",""
"posting_event_leg_eligibility","control_type","text","YES","","",""
"posting_rule_change_legs","id","uuid","NO","gen_random_uuid()","",""
"posting_rule_change_legs","company_id","uuid","NO","","",""
"posting_rule_change_legs","request_id","uuid","NO","","",""
"posting_rule_change_legs","leg_code","text","NO","","",""
"posting_rule_change_legs","account_id","uuid","NO","","",""
"posting_rule_change_requests","id","uuid","NO","gen_random_uuid()","",""
"posting_rule_change_requests","company_id","uuid","NO","","",""
"posting_rule_change_requests","kind","text","NO","","",""
"posting_rule_change_requests","event_type","text","YES","","",""
"posting_rule_change_requests","contract_version","integer","YES","","32","0"
"posting_rule_change_requests","valid_from","date","YES","","",""
"posting_rule_change_requests","valid_to","date","YES","","",""
"posting_rule_change_requests","priority","integer","YES","","32","0"
"posting_rule_change_requests","branch_id","uuid","YES","","",""
"posting_rule_change_requests","warehouse_id","uuid","YES","","",""
"posting_rule_change_requests","target_id","uuid","YES","","",""
"posting_rule_change_requests","new_rule_id","uuid","YES","","",""
"posting_rule_change_requests","expected_version","integer","YES","","32","0"
"posting_rule_change_requests","effective_through","date","YES","","",""
"posting_rule_change_requests","reason","text","NO","","",""
"posting_rule_change_requests","state","text","NO","'PENDING'::text","",""
"posting_rule_change_requests","created_by","uuid","NO","","",""
"posting_rule_change_requests","created_at","timestamp with time zone","NO","now()","",""
"posting_rule_change_requests","reviewed_by","uuid","YES","","",""
"posting_rule_change_requests","reviewed_at","timestamp with time zone","YES","","",""
"posting_rule_change_requests","review_reason","text","YES","","",""
"price_lists","id","uuid","NO","gen_random_uuid()","",""
"price_lists","company_id","uuid","NO","","",""
"price_lists","created_by","uuid","NO","","",""
"price_lists","created_at","timestamp with time zone","NO","now()","",""
"price_lists","name","text","NO","","",""
"price_lists","currency","character","NO","","",""
"product_barcodes","id","uuid","NO","gen_random_uuid()","",""
"product_barcodes","company_id","uuid","NO","","",""
"product_barcodes","created_by","uuid","NO","","",""
"product_barcodes","created_at","timestamp with time zone","NO","now()","",""
"product_barcodes","barcode","text","NO","","",""
"product_barcodes","product_id","uuid","NO","","",""
"product_barcodes","uom_id","uuid","NO","","",""
"product_categories","id","uuid","NO","gen_random_uuid()","",""
"product_categories","company_id","uuid","NO","","",""
"product_categories","created_by","uuid","NO","","",""
"product_categories","created_at","timestamp with time zone","NO","now()","",""
"product_categories","code","text","NO","","",""
"product_categories","name","text","NO","","",""
"product_categories","parent_id","uuid","YES","","",""
"product_categories","catalog_version","integer","NO","0","32","0"
"product_change_requests","id","uuid","NO","gen_random_uuid()","",""
"product_change_requests","company_id","uuid","NO","","",""
"product_change_requests","new_product_id","uuid","NO","gen_random_uuid()","",""
"product_change_requests","new_profile_id","uuid","NO","gen_random_uuid()","",""
"product_change_requests","sku","text","NO","","",""
"product_change_requests","product_code","text","NO","","",""
"product_change_requests","name","text","NO","","",""
"product_change_requests","description","text","YES","","",""
"product_change_requests","item_type","text","NO","","",""
"product_change_requests","category_id","uuid","NO","","",""
"product_change_requests","brand_id","uuid","YES","","",""
"product_change_requests","uom_id","uuid","NO","","",""
"product_change_requests","tax_category_id","uuid","NO","","",""
"product_change_requests","currency","character","NO","","",""
"product_change_requests","purchase_price","unit_amount","NO","","20","6"
"product_change_requests","selling_price","unit_amount","NO","","20","6"
"product_change_requests","price_mode","text","NO","","",""
"product_change_requests","valid_from","date","NO","","",""
"product_change_requests","valid_to","date","NO","","",""
"product_change_requests","reason","text","NO","","",""
"product_change_requests","state","text","NO","'PENDING'::text","",""
"product_change_requests","created_by","uuid","NO","","",""
"product_change_requests","created_at","timestamp with time zone","NO","now()","",""
"product_change_requests","reviewed_by","uuid","YES","","",""
"product_change_requests","reviewed_at","timestamp with time zone","YES","","",""
"product_change_requests","review_reason","text","YES","","",""
"product_prices","id","uuid","NO","gen_random_uuid()","",""
"product_prices","company_id","uuid","NO","","",""
"product_prices","created_by","uuid","NO","","",""
"product_prices","created_at","timestamp with time zone","NO","now()","",""
"product_prices","price","unit_amount","NO","","20","6"
"product_prices","min_quantity","quantity_amount","NO","1","20","6"
"product_prices","valid_from","date","NO","","",""
"product_prices","valid_to","date","YES","","",""
"product_prices","inclusive","boolean","NO","","",""
"product_prices","product_id","uuid","NO","","",""
"product_prices","price_list_id","uuid","NO","","",""
"product_request_barcodes","company_id","uuid","NO","","",""
"product_request_barcodes","request_id","uuid","NO","","",""
"product_request_barcodes","barcode","text","NO","","",""
"product_request_taxes","company_id","uuid","NO","","",""
"product_request_taxes","request_id","uuid","NO","","",""
"product_request_taxes","tax_id","uuid","NO","","",""
"product_tax_profiles","id","uuid","NO","","",""
"product_tax_profiles","company_id","uuid","NO","","",""
"product_tax_profiles","product_id","uuid","NO","","",""
"product_tax_profiles","tax_category_id","uuid","NO","","",""
"product_tax_profiles","valid_from","date","NO","","",""
"product_tax_profiles","valid_to","date","NO","","",""
"product_tax_profiles","request_id","uuid","NO","","",""
"product_tax_profiles","created_by","uuid","NO","","",""
"product_tax_profiles","created_at","timestamp with time zone","NO","now()","",""
"product_tax_profiles","approved_by","uuid","NO","","",""
"product_tax_profiles","approved_at","timestamp with time zone","NO","","",""
"product_taxes","id","uuid","NO","gen_random_uuid()","",""
"product_taxes","company_id","uuid","NO","","",""
"product_taxes","created_by","uuid","NO","","",""
"product_taxes","created_at","timestamp with time zone","NO","now()","",""
"product_taxes","valid_from","date","NO","","",""
"product_taxes","valid_to","date","YES","","",""
"product_taxes","product_id","uuid","NO","","",""
"product_taxes","tax_id","uuid","NO","","",""
"product_taxes","profile_id","uuid","YES","","",""
"product_uom_conversions","id","uuid","NO","gen_random_uuid()","",""
"product_uom_conversions","company_id","uuid","NO","","",""
"product_uom_conversions","created_by","uuid","NO","","",""
"product_uom_conversions","created_at","timestamp with time zone","NO","now()","",""
"product_uom_conversions","factor","quantity_amount","NO","","20","6"
"product_uom_conversions","product_id","uuid","NO","","",""
"product_uom_conversions","uom_id","uuid","NO","","",""
"products","id","uuid","NO","gen_random_uuid()","",""
"products","company_id","uuid","NO","","",""
"products","created_by","uuid","NO","","",""
"products","created_at","timestamp with time zone","NO","now()","",""
"products","sku","text","NO","","",""
"products","product_code","text","NO","","",""
"products","name","text","NO","","",""
"products","description","text","YES","","",""
"products","item_type","text","NO","","",""
"products","serialized","boolean","NO","false","",""
"products","batch_controlled","boolean","NO","false","",""
"products","expiry_controlled","boolean","NO","false","",""
"products","purchase_price","unit_amount","NO","0","20","6"
"products","selling_price","unit_amount","NO","0","20","6"
"products","reorder_level","quantity_amount","NO","0","20","6"
"products","min_stock","quantity_amount","NO","0","20","6"
"products","max_stock","quantity_amount","YES","","20","6"
"products","active","boolean","NO","true","",""
"products","category_id","uuid","NO","","",""
"products","brand_id","uuid","YES","","",""
"products","uom_id","uuid","NO","","",""
"products","supplier_id","uuid","YES","","",""
"products","tax_category_id","uuid","NO","","",""
"products","publication_request_id","uuid","YES","","",""
"products","approved_by","uuid","YES","","",""
"products","approved_at","timestamp with time zone","YES","","",""
"products","currency","character","YES","","",""
"products","price_mode","text","YES","","",""
"purchase_order_lines","id","uuid","NO","gen_random_uuid()","",""
"purchase_order_lines","company_id","uuid","NO","","",""
"purchase_order_lines","created_by","uuid","NO","","",""
"purchase_order_lines","created_at","timestamp with time zone","NO","now()","",""
"purchase_order_lines","line_no","integer","NO","","32","0"
"purchase_order_lines","quantity","quantity_amount","NO","","20","6"
"purchase_order_lines","unit_price","unit_amount","NO","","20","6"
"purchase_order_lines","discount","money_amount","NO","0","20","2"
"purchase_order_lines","net","money_amount","NO","","20","2"
"purchase_order_lines","tax","money_amount","NO","","20","2"
"purchase_order_lines","gross","money_amount","NO","","20","2"
"purchase_order_lines","tax_snapshot","jsonb","NO","","",""
"purchase_order_lines","order_id","uuid","NO","","",""
"purchase_order_lines","product_id","uuid","NO","","",""
"purchase_order_lines","uom_id","uuid","NO","","",""
"purchase_orders","id","uuid","NO","gen_random_uuid()","",""
"purchase_orders","company_id","uuid","NO","","",""
"purchase_orders","created_by","uuid","NO","","",""
"purchase_orders","created_at","timestamp with time zone","NO","now()","",""
"purchase_orders","source_id","uuid","NO","","",""
"purchase_orders","expected_on","date","YES","","",""
"purchase_orders","payment_terms_snapshot","jsonb","NO","","",""
"purchase_orders","net","money_amount","NO","","20","2"
"purchase_orders","tax","money_amount","NO","","20","2"
"purchase_orders","gross","money_amount","NO","","20","2"
"purchase_orders","supplier_id","uuid","NO","","",""
"purchase_orders","warehouse_id","uuid","NO","","",""
"purchase_orders","request_id","uuid","YES","","",""
"purchase_request_lines","id","uuid","NO","gen_random_uuid()","",""
"purchase_request_lines","company_id","uuid","NO","","",""
"purchase_request_lines","created_by","uuid","NO","","",""
"purchase_request_lines","created_at","timestamp with time zone","NO","now()","",""
"purchase_request_lines","quantity","quantity_amount","NO","","20","6"
"purchase_request_lines","request_id","uuid","NO","","",""
"purchase_request_lines","product_id","uuid","NO","","",""
"purchase_requests","id","uuid","NO","gen_random_uuid()","",""
"purchase_requests","company_id","uuid","NO","","",""
"purchase_requests","created_by","uuid","NO","","",""
"purchase_requests","created_at","timestamp with time zone","NO","now()","",""
"purchase_requests","source_id","uuid","NO","","",""
"purchase_requests","description","text","NO","","",""
"purchase_requests","required_on","date","YES","","",""
"purchase_requests","warehouse_id","uuid","NO","","",""
"purchase_return_lines","id","uuid","NO","gen_random_uuid()","",""
"purchase_return_lines","company_id","uuid","NO","","",""
"purchase_return_lines","created_by","uuid","NO","","",""
"purchase_return_lines","created_at","timestamp with time zone","NO","now()","",""
"purchase_return_lines","quantity","quantity_amount","NO","","20","6"
"purchase_return_lines","base_value","money_amount","NO","","20","2"
"purchase_return_lines","return_id","uuid","NO","","",""
"purchase_return_lines","grn_line_id","uuid","NO","","",""
"purchase_return_lines","warehouse_id","uuid","NO","","",""
"purchase_returns","id","uuid","NO","gen_random_uuid()","",""
"purchase_returns","company_id","uuid","NO","","",""
"purchase_returns","created_by","uuid","NO","","",""
"purchase_returns","created_at","timestamp with time zone","NO","now()","",""
"purchase_returns","source_id","uuid","NO","","",""
"purchase_returns","reason","text","NO","","",""
"purchase_returns","supplier_id","uuid","NO","","",""
"purchase_returns","grn_id","uuid","NO","","",""
"quotation_lines","id","uuid","NO","gen_random_uuid()","",""
"quotation_lines","company_id","uuid","NO","","",""
"quotation_lines","created_by","uuid","NO","","",""
"quotation_lines","created_at","timestamp with time zone","NO","now()","",""
"quotation_lines","line_no","integer","NO","","32","0"
"quotation_lines","quantity","quantity_amount","NO","","20","6"
"quotation_lines","unit_price","unit_amount","NO","","20","6"
"quotation_lines","discount","money_amount","NO","0","20","2"
"quotation_lines","net","money_amount","NO","","20","2"
"quotation_lines","tax","money_amount","NO","","20","2"
"quotation_lines","gross","money_amount","NO","","20","2"
"quotation_lines","tax_snapshot","jsonb","NO","","",""
"quotation_lines","quotation_id","uuid","NO","","",""
"quotation_lines","product_id","uuid","NO","","",""
"quotation_lines","uom_id","uuid","NO","","",""
"quotations","id","uuid","NO","gen_random_uuid()","",""
"quotations","company_id","uuid","NO","","",""
"quotations","created_by","uuid","NO","","",""
"quotations","created_at","timestamp with time zone","NO","now()","",""
"quotations","source_id","uuid","NO","","",""
"quotations","valid_until","date","YES","","",""
"quotations","payment_terms_snapshot","jsonb","NO","","",""
"quotations","customer_id","uuid","YES","","",""
"reconciliation_exceptions","id","uuid","NO","gen_random_uuid()","",""
"reconciliation_exceptions","company_id","uuid","NO","","",""
"reconciliation_exceptions","created_by","uuid","NO","","",""
"reconciliation_exceptions","created_at","timestamp with time zone","NO","now()","",""
"reconciliation_exceptions","check_code","text","NO","","",""
"reconciliation_exceptions","expected","money_amount","NO","","20","2"
"reconciliation_exceptions","actual","money_amount","NO","","20","2"
"reconciliation_exceptions","dimensions","jsonb","NO","","",""
"reconciliation_exceptions","resolution_source_id","uuid","YES","","",""
"reconciliation_exceptions","resolved_by","uuid","YES","","",""
"reconciliation_exceptions","resolved_at","timestamp with time zone","YES","","",""
"reconciliation_exceptions","run_id","uuid","NO","","",""
"reconciliation_exceptions","source_id","uuid","YES","","",""
"reconciliation_runs","id","uuid","NO","gen_random_uuid()","",""
"reconciliation_runs","company_id","uuid","NO","","",""
"reconciliation_runs","created_by","uuid","NO","","",""
"reconciliation_runs","created_at","timestamp with time zone","NO","now()","",""
"reconciliation_runs","cutoff_at","timestamp with time zone","NO","","",""
"reconciliation_runs","snapshot_watermarks","jsonb","NO","","",""
"reconciliation_runs","status","text","NO","","",""
"reconciliation_runs","completed_at","timestamp with time zone","YES","","",""
"report_exports","id","uuid","NO","gen_random_uuid()","",""
"report_exports","company_id","uuid","NO","","",""
"report_exports","created_by","uuid","NO","","",""
"report_exports","created_at","timestamp with time zone","NO","now()","",""
"report_exports","report_type","text","NO","","",""
"report_exports","filters","jsonb","NO","","",""
"report_exports","snapshot_at","timestamp with time zone","NO","","",""
"report_exports","format","text","NO","","",""
"report_exports","status","text","NO","","",""
"report_exports","object_key","text","YES","","",""
"report_exports","content_hash","text","YES","","",""
"report_exports","expires_at","timestamp with time zone","YES","","",""
"role_permissions","company_id","uuid","NO","","",""
"role_permissions","role_id","uuid","NO","","",""
"role_permissions","permission_code","text","NO","","",""
"roles","id","uuid","NO","gen_random_uuid()","",""
"roles","company_id","uuid","NO","","",""
"roles","name","text","NO","","",""
"roles","created_by","uuid","NO","","",""
"roles","version","integer","NO","1","32","0"
"sale_lines","id","uuid","NO","gen_random_uuid()","",""
"sale_lines","company_id","uuid","NO","","",""
"sale_lines","created_by","uuid","NO","","",""
"sale_lines","created_at","timestamp with time zone","NO","now()","",""
"sale_lines","line_no","integer","NO","","32","0"
"sale_lines","quantity","quantity_amount","NO","","20","6"
"sale_lines","unit_price","unit_amount","NO","","20","6"
"sale_lines","discount","money_amount","NO","0","20","2"
"sale_lines","net","money_amount","NO","","20","2"
"sale_lines","tax","money_amount","NO","","20","2"
"sale_lines","gross","money_amount","NO","","20","2"
"sale_lines","tax_snapshot","jsonb","NO","","",""
"sale_lines","cogs","money_amount","NO","","20","2"
"sale_lines","sale_id","uuid","NO","","",""
"sale_lines","product_id","uuid","NO","","",""
"sale_lines","uom_id","uuid","NO","","",""
"sale_payments","id","uuid","NO","gen_random_uuid()","",""
"sale_payments","company_id","uuid","NO","","",""
"sale_payments","created_by","uuid","NO","","",""
"sale_payments","created_at","timestamp with time zone","NO","now()","",""
"sale_payments","applied_amount","money_amount","NO","","20","2"
"sale_payments","tendered_amount","money_amount","NO","","20","2"
"sale_payments","sale_id","uuid","NO","","",""
"sale_payments","payment_id","uuid","NO","","",""
"sales","id","uuid","NO","gen_random_uuid()","",""
"sales","company_id","uuid","NO","","",""
"sales","created_by","uuid","NO","","",""
"sales","created_at","timestamp with time zone","NO","now()","",""
"sales","source_id","uuid","NO","","",""
"sales","sale_type","text","NO","","",""
"sales","due_date","date","YES","","",""
"sales","net","money_amount","NO","","20","2"
"sales","tax","money_amount","NO","","20","2"
"sales","gross","money_amount","NO","","20","2"
"sales","customer_id","uuid","YES","","",""
"sales","warehouse_id","uuid","NO","","",""
"sales","terminal_id","uuid","YES","","",""
"sales","cashier_session_id","uuid","YES","","",""
"sales","sales_order_id","uuid","YES","","",""
"sales_order_lines","id","uuid","NO","gen_random_uuid()","",""
"sales_order_lines","company_id","uuid","NO","","",""
"sales_order_lines","created_by","uuid","NO","","",""
"sales_order_lines","created_at","timestamp with time zone","NO","now()","",""
"sales_order_lines","line_no","integer","NO","","32","0"
"sales_order_lines","quantity","quantity_amount","NO","","20","6"
"sales_order_lines","unit_price","unit_amount","NO","","20","6"
"sales_order_lines","discount","money_amount","NO","0","20","2"
"sales_order_lines","net","money_amount","NO","","20","2"
"sales_order_lines","tax","money_amount","NO","","20","2"
"sales_order_lines","gross","money_amount","NO","","20","2"
"sales_order_lines","tax_snapshot","jsonb","NO","","",""
"sales_order_lines","order_id","uuid","NO","","",""
"sales_order_lines","product_id","uuid","NO","","",""
"sales_order_lines","uom_id","uuid","NO","","",""
"sales_orders","id","uuid","NO","gen_random_uuid()","",""
"sales_orders","company_id","uuid","NO","","",""
"sales_orders","created_by","uuid","NO","","",""
"sales_orders","created_at","timestamp with time zone","NO","now()","",""
"sales_orders","source_id","uuid","NO","","",""
"sales_orders","valid_until","date","YES","","",""
"sales_orders","payment_terms_snapshot","jsonb","NO","","",""
"sales_orders","customer_id","uuid","YES","","",""
"sales_return_lines","id","uuid","NO","gen_random_uuid()","",""
"sales_return_lines","company_id","uuid","NO","","",""
"sales_return_lines","created_by","uuid","NO","","",""
"sales_return_lines","created_at","timestamp with time zone","NO","now()","",""
"sales_return_lines","quantity","quantity_amount","NO","","20","6"
"sales_return_lines","net","money_amount","NO","","20","2"
"sales_return_lines","tax","money_amount","NO","","20","2"
"sales_return_lines","original_cost","money_amount","NO","","20","2"
"sales_return_lines","tax_snapshot","jsonb","NO","","",""
"sales_return_lines","return_id","uuid","NO","","",""
"sales_return_lines","original_line_id","uuid","NO","","",""
"sales_return_lines","warehouse_id","uuid","NO","","",""
"sales_returns","id","uuid","NO","gen_random_uuid()","",""
"sales_returns","company_id","uuid","NO","","",""
"sales_returns","created_by","uuid","NO","","",""
"sales_returns","created_at","timestamp with time zone","NO","now()","",""
"sales_returns","source_id","uuid","NO","","",""
"sales_returns","reason","text","NO","","",""
"sales_returns","disposition","text","NO","","",""
"sales_returns","original_sale_id","uuid","NO","","",""
"sales_returns","customer_id","uuid","YES","","",""
"security_events","id","uuid","NO","gen_random_uuid()","",""
"security_events","company_id","uuid","YES","","",""
"security_events","actor_id","uuid","NO","","",""
"security_events","subject_user_id","uuid","YES","","",""
"security_events","session_id","uuid","YES","","",""
"security_events","action","text","NO","","",""
"security_events","outcome","text","NO","","",""
"security_events","request_id","uuid","NO","","",""
"security_events","ip","inet","YES","","",""
"security_events","details","jsonb","NO","'{}'::jsonb","",""
"security_events","created_at","timestamp with time zone","NO","now()","",""
"service_heartbeats","service_name","text","NO","","",""
"service_heartbeats","instance_id","uuid","NO","","",""
"service_heartbeats","last_seen_at","timestamp with time zone","NO","now()","",""
"sessions","id","uuid","NO","gen_random_uuid()","",""
"sessions","user_id","uuid","NO","","",""
"sessions","token_hash","text","NO","","",""
"sessions","csrf_hash","text","NO","","",""
"sessions","expires_at","timestamp with time zone","NO","","",""
"sessions","last_seen_at","timestamp with time zone","NO","now()","",""
"sessions","revoked_at","timestamp with time zone","YES","","",""
"sessions","created_at","timestamp with time zone","NO","now()","",""
"sessions","ip","inet","YES","","",""
"sessions","device","text","YES","","",""
"settlement_lines","id","uuid","NO","gen_random_uuid()","",""
"settlement_lines","company_id","uuid","NO","","",""
"settlement_lines","created_by","uuid","NO","","",""
"settlement_lines","created_at","timestamp with time zone","NO","now()","",""
"settlement_lines","external_reference","text","NO","","",""
"settlement_lines","amount","money_amount","NO","","20","2"
"settlement_lines","fee","money_amount","NO","0","20","2"
"settlement_lines","exception_reason","text","YES","","",""
"settlement_lines","statement_id","uuid","NO","","",""
"settlement_lines","payment_id","uuid","YES","","",""
"settlement_statements","id","uuid","NO","gen_random_uuid()","",""
"settlement_statements","company_id","uuid","NO","","",""
"settlement_statements","created_by","uuid","NO","","",""
"settlement_statements","created_at","timestamp with time zone","NO","now()","",""
"settlement_statements","provider","text","NO","","",""
"settlement_statements","external_reference","text","NO","","",""
"settlement_statements","statement_date","date","NO","","",""
"settlement_statements","currency","character","NO","","",""
"source_documents","id","uuid","NO","gen_random_uuid()","",""
"source_documents","company_id","uuid","NO","","",""
"source_documents","branch_id","uuid","NO","","",""
"source_documents","document_type","text","NO","","",""
"source_documents","document_number","text","NO","","",""
"source_documents","business_date","date","NO","","",""
"source_documents","currency","character","NO","","",""
"source_documents","exchange_rate","rate_amount","NO","1","20","10"
"source_documents","status","text","NO","'DRAFT'::text","",""
"source_documents","revision","integer","NO","1","32","0"
"source_documents","description","text","NO","","",""
"source_documents","payload","jsonb","NO","'{}'::jsonb","",""
"source_documents","created_by","uuid","NO","","",""
"source_documents","created_at","timestamp with time zone","NO","now()","",""
"source_documents","initiated_by","uuid","YES","","",""
"source_documents","updated_by","uuid","YES","","",""
"source_documents","updated_at","timestamp with time zone","YES","","",""
"source_documents","approved_by","uuid","YES","","",""
"source_documents","approved_at","timestamp with time zone","YES","","",""
"source_documents","posted_by","uuid","YES","","",""
"source_documents","posted_at","timestamp with time zone","YES","","",""
"source_documents","cancelled_by","uuid","YES","","",""
"source_documents","cancelled_at","timestamp with time zone","YES","","",""
"source_documents","original_document_id","uuid","YES","","",""
"source_documents","reversal_reason","text","YES","","",""
"source_documents","approval_snapshot","jsonb","YES","","",""
"source_revisions","id","uuid","NO","gen_random_uuid()","",""
"source_revisions","company_id","uuid","NO","","",""
"source_revisions","source_id","uuid","NO","","",""
"source_revisions","revision","integer","NO","","32","0"
"source_revisions","snapshot","jsonb","NO","","",""
"source_revisions","changed_by","uuid","NO","","",""
"source_revisions","reason","text","NO","","",""
"source_revisions","created_at","timestamp with time zone","NO","now()","",""
"stock_count_lines","id","uuid","NO","gen_random_uuid()","",""
"stock_count_lines","company_id","uuid","NO","","",""
"stock_count_lines","created_by","uuid","NO","","",""
"stock_count_lines","created_at","timestamp with time zone","NO","now()","",""
"stock_count_lines","system_quantity","quantity_amount","NO","","20","6"
"stock_count_lines","counted_quantity","quantity_amount","YES","","20","6"
"stock_count_lines","counted_by","uuid","YES","","",""
"stock_count_lines","counted_at","timestamp with time zone","YES","","",""
"stock_count_lines","variance_value","money_amount","YES","","20","2"
"stock_count_lines","count_id","uuid","NO","","",""
"stock_count_lines","product_id","uuid","NO","","",""
"stock_count_lines","lot_id","uuid","YES","","",""
"stock_counts","id","uuid","NO","gen_random_uuid()","",""
"stock_counts","company_id","uuid","NO","","",""
"stock_counts","created_by","uuid","NO","","",""
"stock_counts","created_at","timestamp with time zone","NO","now()","",""
"stock_counts","source_id","uuid","NO","","",""
"stock_counts","cutoff_at","timestamp with time zone","NO","","",""
"stock_counts","count_scope","jsonb","NO","","",""
"stock_counts","blind","boolean","NO","true","",""
"stock_counts","warehouse_id","uuid","NO","","",""
"stock_reservations","id","uuid","NO","gen_random_uuid()","",""
"stock_reservations","company_id","uuid","NO","","",""
"stock_reservations","created_by","uuid","NO","","",""
"stock_reservations","created_at","timestamp with time zone","NO","now()","",""
"stock_reservations","quantity","quantity_amount","NO","","20","6"
"stock_reservations","expires_at","timestamp with time zone","NO","","",""
"stock_reservations","status","text","NO","","",""
"stock_reservations","source_id","uuid","NO","","",""
"stock_reservations","warehouse_id","uuid","NO","","",""
"stock_reservations","product_id","uuid","NO","","",""
"stock_transfer_lines","id","uuid","NO","gen_random_uuid()","",""
"stock_transfer_lines","company_id","uuid","NO","","",""
"stock_transfer_lines","created_by","uuid","NO","","",""
"stock_transfer_lines","created_at","timestamp with time zone","NO","now()","",""
"stock_transfer_lines","requested_quantity","quantity_amount","NO","","20","6"
"stock_transfer_lines","transfer_id","uuid","NO","","",""
"stock_transfer_lines","product_id","uuid","NO","","",""
"stock_transfer_receipts","id","uuid","NO","gen_random_uuid()","",""
"stock_transfer_receipts","company_id","uuid","NO","","",""
"stock_transfer_receipts","created_by","uuid","NO","","",""
"stock_transfer_receipts","created_at","timestamp with time zone","NO","now()","",""
"stock_transfer_receipts","source_id","uuid","NO","","",""
"stock_transfer_receipts","quantity","quantity_amount","NO","","20","6"
"stock_transfer_receipts","discrepancy_reason","text","YES","","",""
"stock_transfer_receipts","transfer_line_id","uuid","NO","","",""
"stock_transfer_receipts","movement_id","uuid","NO","","",""
"stock_transfers","id","uuid","NO","gen_random_uuid()","",""
"stock_transfers","company_id","uuid","NO","","",""
"stock_transfers","created_by","uuid","NO","","",""
"stock_transfers","created_at","timestamp with time zone","NO","now()","",""
"stock_transfers","source_id","uuid","NO","","",""
"stock_transfers","dispatched_by","uuid","YES","","",""
"stock_transfers","dispatched_at","timestamp with time zone","YES","","",""
"stock_transfers","received_by","uuid","YES","","",""
"stock_transfers","received_at","timestamp with time zone","YES","","",""
"stock_transfers","from_warehouse_id","uuid","NO","","",""
"stock_transfers","to_warehouse_id","uuid","NO","","",""
"stock_transfers","transit_warehouse_id","uuid","NO","","",""
"supplier_accounts","id","uuid","NO","gen_random_uuid()","",""
"supplier_accounts","company_id","uuid","NO","","",""
"supplier_accounts","created_by","uuid","NO","","",""
"supplier_accounts","created_at","timestamp with time zone","NO","now()","",""
"supplier_accounts","supplier_id","uuid","NO","","",""
"supplier_accounts","control_account_id","uuid","NO","","",""
"supplier_invoice_lines","id","uuid","NO","gen_random_uuid()","",""
"supplier_invoice_lines","company_id","uuid","NO","","",""
"supplier_invoice_lines","created_by","uuid","NO","","",""
"supplier_invoice_lines","created_at","timestamp with time zone","NO","now()","",""
"supplier_invoice_lines","line_no","integer","NO","","32","0"
"supplier_invoice_lines","quantity","quantity_amount","NO","","20","6"
"supplier_invoice_lines","unit_price","unit_amount","NO","","20","6"
"supplier_invoice_lines","discount","money_amount","NO","0","20","2"
"supplier_invoice_lines","net","money_amount","NO","","20","2"
"supplier_invoice_lines","tax","money_amount","NO","","20","2"
"supplier_invoice_lines","gross","money_amount","NO","","20","2"
"supplier_invoice_lines","tax_snapshot","jsonb","NO","","",""
"supplier_invoice_lines","invoice_id","uuid","NO","","",""
"supplier_invoice_lines","product_id","uuid","YES","","",""
"supplier_invoice_lines","expense_account_id","uuid","YES","","",""
"supplier_invoices","id","uuid","NO","gen_random_uuid()","",""
"supplier_invoices","company_id","uuid","NO","","",""
"supplier_invoices","created_by","uuid","NO","","",""
"supplier_invoices","created_at","timestamp with time zone","NO","now()","",""
"supplier_invoices","source_id","uuid","NO","","",""
"supplier_invoices","supplier_invoice_number","text","NO","","",""
"supplier_invoices","invoice_date","date","NO","","",""
"supplier_invoices","due_date","date","NO","","",""
"supplier_invoices","net","money_amount","NO","","20","2"
"supplier_invoices","tax","money_amount","NO","","20","2"
"supplier_invoices","gross","money_amount","NO","","20","2"
"supplier_invoices","supplier_id","uuid","NO","","",""
"supplier_transactions","id","uuid","NO","gen_random_uuid()","",""
"supplier_transactions","company_id","uuid","NO","","",""
"supplier_transactions","created_by","uuid","NO","","",""
"supplier_transactions","created_at","timestamp with time zone","NO","now()","",""
"supplier_transactions","entry_type","text","NO","","",""
"supplier_transactions","currency","character","NO","","",""
"supplier_transactions","debit","money_amount","NO","0","20","2"
"supplier_transactions","credit","money_amount","NO","0","20","2"
"supplier_transactions","base_debit","money_amount","NO","0","20","2"
"supplier_transactions","base_credit","money_amount","NO","0","20","2"
"supplier_transactions","due_date","date","YES","","",""
"supplier_transactions","supplier_id","uuid","NO","","",""
"supplier_transactions","source_id","uuid","NO","","",""
"supplier_transactions","control_account_id","uuid","NO","","",""
"supplier_transactions","journal_line_id","uuid","NO","","",""
"suppliers","id","uuid","NO","gen_random_uuid()","",""
"suppliers","company_id","uuid","NO","","",""
"suppliers","created_by","uuid","NO","","",""
"suppliers","created_at","timestamp with time zone","NO","now()","",""
"suppliers","number","text","NO","","",""
"suppliers","name","text","NO","","",""
"suppliers","phone","text","YES","","",""
"suppliers","email","text","YES","","",""
"suppliers","address","text","YES","","",""
"suppliers","tax_pin","text","YES","","",""
"suppliers","payment_terms_days","integer","NO","0","32","0"
"suppliers","currency","character","NO","","",""
"suppliers","active","boolean","NO","true","",""
"suppliers","credit_terms","text","YES","","",""
"suppliers","tax_category_id","uuid","YES","","",""
"system_configuration","id","uuid","NO","gen_random_uuid()","",""
"system_configuration","company_id","uuid","NO","","",""
"system_configuration","created_by","uuid","NO","","",""
"system_configuration","created_at","timestamp with time zone","NO","now()","",""
"system_configuration","key","text","NO","","",""
"system_configuration","version","integer","NO","","32","0"
"system_configuration","value","jsonb","NO","","",""
"system_configuration","approved_by","uuid","YES","","",""
"system_configuration","effective_at","timestamp with time zone","NO","","",""
"tax_categories","id","uuid","NO","gen_random_uuid()","",""
"tax_categories","company_id","uuid","NO","","",""
"tax_categories","created_by","uuid","NO","","",""
"tax_categories","created_at","timestamp with time zone","NO","now()","",""
"tax_categories","code","text","NO","","",""
"tax_categories","name","text","NO","","",""
"tax_categories","classification","text","NO","","",""
"tax_categories","publication_request_id","uuid","YES","","",""
"tax_categories","approved_by","uuid","YES","","",""
"tax_categories","approved_at","timestamp with time zone","YES","","",""
"tax_change_requests","id","uuid","NO","gen_random_uuid()","",""
"tax_change_requests","company_id","uuid","NO","","",""
"tax_change_requests","kind","text","NO","","",""
"tax_change_requests","record_id","uuid","NO","gen_random_uuid()","",""
"tax_change_requests","code","text","YES","","",""
"tax_change_requests","name","text","YES","","",""
"tax_change_requests","tax_type","text","YES","","",""
"tax_change_requests","classification","text","YES","","",""
"tax_change_requests","tax_id","uuid","YES","","",""
"tax_change_requests","category_id","uuid","YES","","",""
"tax_change_requests","valid_from","date","YES","","",""
"tax_change_requests","valid_to","date","YES","","",""
"tax_change_requests","rate","rate_amount","YES","","20","10"
"tax_change_requests","inclusive","boolean","YES","","",""
"tax_change_requests","recoverable_fraction","rate_amount","YES","","20","10"
"tax_change_requests","input_account_id","uuid","YES","","",""
"tax_change_requests","output_account_id","uuid","YES","","",""
"tax_change_requests","basis","text","NO","","",""
"tax_change_requests","reason","text","NO","","",""
"tax_change_requests","state","text","NO","'PENDING'::text","",""
"tax_change_requests","created_by","uuid","NO","","",""
"tax_change_requests","created_at","timestamp with time zone","NO","now()","",""
"tax_change_requests","reviewed_by","uuid","YES","","",""
"tax_change_requests","reviewed_at","timestamp with time zone","YES","","",""
"tax_change_requests","review_reason","text","YES","","",""
"tax_rates","id","uuid","NO","gen_random_uuid()","",""
"tax_rates","company_id","uuid","NO","","",""
"tax_rates","created_by","uuid","NO","","",""
"tax_rates","created_at","timestamp with time zone","NO","now()","",""
"tax_rates","valid_from","date","NO","","",""
"tax_rates","valid_to","date","NO","","",""
"tax_rates","rate","rate_amount","NO","","20","10"
"tax_rates","inclusive","boolean","NO","","",""
"tax_rates","recoverable_fraction","rate_amount","NO","","20","10"
"tax_rates","priority","integer","NO","0","32","0"
"tax_rates","tax_id","uuid","NO","","",""
"tax_rates","category_id","uuid","NO","","",""
"tax_rates","input_account_id","uuid","YES","","",""
"tax_rates","output_account_id","uuid","YES","","",""
"tax_rates","publication_request_id","uuid","YES","","",""
"tax_rates","approved_by","uuid","YES","","",""
"tax_rates","approved_at","timestamp with time zone","YES","","",""
"tax_transactions","id","uuid","NO","gen_random_uuid()","",""
"tax_transactions","company_id","uuid","NO","","",""
"tax_transactions","created_by","uuid","NO","","",""
"tax_transactions","created_at","timestamp with time zone","NO","now()","",""
"tax_transactions","tax_point","date","NO","","",""
"tax_transactions","taxable_base","money_amount","NO","","20","2"
"tax_transactions","tax_amount","money_amount","NO","","20","2"
"tax_transactions","base_tax_amount","money_amount","NO","","20","2"
"tax_transactions","rate_snapshot","rate_amount","NO","","20","10"
"tax_transactions","classification_snapshot","text","NO","","",""
"tax_transactions","inclusive_snapshot","boolean","NO","","",""
"tax_transactions","eligible_fraction_snapshot","rate_amount","NO","","20","10"
"tax_transactions","tax_rule_snapshot","jsonb","NO","","",""
"tax_transactions","source_line_id","uuid","NO","","",""
"tax_transactions","source_id","uuid","NO","","",""
"tax_transactions","rate_id","uuid","NO","","",""
"tax_transactions","account_id","uuid","NO","","",""
"tax_transactions","journal_line_id","uuid","YES","","",""
"taxes","id","uuid","NO","gen_random_uuid()","",""
"taxes","company_id","uuid","NO","","",""
"taxes","created_by","uuid","NO","","",""
"taxes","created_at","timestamp with time zone","NO","now()","",""
"taxes","code","text","NO","","",""
"taxes","name","text","NO","","",""
"taxes","tax_type","text","NO","","",""
"taxes","active","boolean","NO","true","",""
"taxes","publication_request_id","uuid","YES","","",""
"taxes","approved_by","uuid","YES","","",""
"taxes","approved_at","timestamp with time zone","YES","","",""
"units_of_measure","id","uuid","NO","gen_random_uuid()","",""
"units_of_measure","company_id","uuid","NO","","",""
"units_of_measure","created_by","uuid","NO","","",""
"units_of_measure","created_at","timestamp with time zone","NO","now()","",""
"units_of_measure","code","text","NO","","",""
"units_of_measure","name","text","NO","","",""
"units_of_measure","quantity_scale","smallint","NO","","16","0"
"units_of_measure","catalog_version","integer","NO","0","32","0"
"user_branch_scopes","company_id","uuid","NO","","",""
"user_branch_scopes","user_id","uuid","NO","","",""
"user_branch_scopes","branch_id","uuid","NO","","",""
"user_roles","company_id","uuid","NO","","",""
"user_roles","user_id","uuid","NO","","",""
"user_roles","role_id","uuid","NO","","",""
"users","id","uuid","NO","gen_random_uuid()","",""
"users","email","text","YES","","",""
"users","display_name","text","NO","","",""
"users","principal_type","text","NO","'HUMAN'::text","",""
"users","service_code","text","YES","","",""
"users","password_hash","text","YES","","",""
"users","active","boolean","NO","true","",""
"users","failed_logins","integer","NO","0","32","0"
"users","locked_until","timestamp with time zone","YES","","",""
"users","created_at","timestamp with time zone","NO","now()","",""
"valuation_policies","id","uuid","NO","gen_random_uuid()","",""
"valuation_policies","company_id","uuid","NO","","",""
"valuation_policies","created_by","uuid","NO","","",""
"valuation_policies","created_at","timestamp with time zone","NO","now()","",""
"valuation_policies","method","text","NO","","",""
"valuation_policies","effective_from","date","NO","","",""
"valuation_policies","active","boolean","NO","false","",""
"valuation_policies","warehouse_id","uuid","NO","","",""
"warehouses","id","uuid","NO","gen_random_uuid()","",""
"warehouses","company_id","uuid","NO","","",""
"warehouses","branch_id","uuid","NO","","",""
"warehouses","code","text","NO","","",""
"warehouses","name","text","NO","","",""
"warehouses","location_type","text","NO","","",""
"warehouses","active","boolean","NO","true","",""
"warehouses","created_by","uuid","NO","","",""
"warehouses","version","integer","NO","1","32","0"
"warehouses","created_at","timestamp with time zone","YES","now()","",""
"warehouses","updated_by","uuid","YES","","",""
"warehouses","updated_at","timestamp with time zone","YES","","",""
