requirement,title,status,primary_phase,evidence_or_design
1,Core design principle,PARTIAL — CORE FOUNDATION ONLY,1 — Core,STATUS.md; apps/api/src; apps/api/test/foundation.test.ts; domain-specific portions remain planned
2,Mandatory user attribution,PARTIAL — CORE FOUNDATION ONLY,1 — Core,STATUS.md; apps/api/src; apps/api/test/foundation.test.ts; domain-specific portions remain planned; docs/05-phase1-controls.md; docs/browser-controls-result.json; docs/07-company-and-warehouses.md; docs/browser-organization-result.json; docs/09-chart-of-accounts-controls.md; apps/api/test/coa.test.ts; docs/browser-coa-result.json
3,System-generated transactions,PARTIAL — AUTH SERVICE ONLY; OPERATIONAL AUTOMATION PENDING,1 — Core,docs/01-architecture.md; docs/03-api-security.md; domain table baseline where applicable; docs/05-phase1-controls.md; docs/browser-controls-result.json
4,Multi-company architecture,PARTIAL — CORE FOUNDATION ONLY,1 — Core,STATUS.md; apps/api/src; apps/api/test/foundation.test.ts; domain-specific portions remain planned; docs/06-preview-and-organization.md; docs/browser-embedded-result.json; docs/browser-branches-result.json; docs/07-company-and-warehouses.md; docs/browser-organization-result.json; docs/09-chart-of-accounts-controls.md; apps/api/test/coa.test.ts; docs/browser-coa-result.json
5,Authentication,PARTIAL — CORE FOUNDATION ONLY,1 — Core,STATUS.md; apps/api/src; apps/api/test/foundation.test.ts; domain-specific portions remain planned; docs/05-phase1-controls.md; docs/browser-controls-result.json; docs/06-preview-and-organization.md; docs/browser-embedded-result.json; docs/browser-branches-result.json; docs/08-preview-session-recovery.md; docs/browser-preview-memory-result.json
6,Configurable RBAC,PARTIAL — CORE FOUNDATION ONLY,1 — Core,STATUS.md; apps/api/src; apps/api/test/foundation.test.ts; domain-specific portions remain planned; docs/05-phase1-controls.md; docs/browser-controls-result.json; docs/06-preview-and-organization.md; docs/browser-embedded-result.json; docs/browser-branches-result.json; docs/07-company-and-warehouses.md; docs/browser-organization-result.json; docs/09-chart-of-accounts-controls.md; apps/api/test/coa.test.ts; docs/browser-coa-result.json
7,Segregation of duties,PARTIAL — CORE FOUNDATION ONLY,1 — Core,STATUS.md; apps/api/src; apps/api/test/foundation.test.ts; domain-specific portions remain planned; docs/05-phase1-controls.md; docs/browser-controls-result.json; docs/09-chart-of-accounts-controls.md; apps/api/test/coa.test.ts; docs/browser-coa-result.json
8,Core modules,DESIGNED / NOT IMPLEMENTED,1 — Core,docs/01-architecture.md; docs/03-api-security.md; domain table baseline where applicable
9,Product/item master,DESIGNED / NOT IMPLEMENTED,2 — Inventory,docs/01-architecture.md; docs/03-api-security.md; domain table baseline where applicable
10,Search,PARTIAL — CORE FOUNDATION ONLY,2 — Inventory,STATUS.md; apps/api/src; apps/api/test/foundation.test.ts; domain-specific portions remain planned; docs/09-chart-of-accounts-controls.md; apps/api/test/coa.test.ts; docs/browser-coa-result.json
11,POS module,DESIGNED / NOT IMPLEMENTED,4 — Sales,docs/01-architecture.md; docs/03-api-security.md; domain table baseline where applicable
12,POS quick checkout,DESIGNED / NOT IMPLEMENTED,4 — Sales,docs/01-architecture.md; docs/03-api-security.md; domain table baseline where applicable
13,Barcode scanning,DESIGNED / NOT IMPLEMENTED,4 — Sales,docs/01-architecture.md; docs/03-api-security.md; domain table baseline where applicable
14,Walk-in customers,DESIGNED / NOT IMPLEMENTED,4 — Sales,docs/01-architecture.md; docs/03-api-security.md; domain table baseline where applicable
15,Customer management,DESIGNED / NOT IMPLEMENTED,5 — Customers,docs/01-architecture.md; docs/03-api-security.md; domain table baseline where applicable
16,Customer accounts,DESIGNED / NOT IMPLEMENTED,5 — Customers,docs/01-architecture.md; docs/03-api-security.md; domain table baseline where applicable
17,Accounts receivable,DESIGNED / NOT IMPLEMENTED,5 — Customers,docs/01-architecture.md; docs/03-api-security.md; domain table baseline where applicable
18,Customer payments,DESIGNED / NOT IMPLEMENTED,5 — Customers,docs/01-architecture.md; docs/03-api-security.md; domain table baseline where applicable
19,M-Pesa STK Push,DESIGNED / NOT IMPLEMENTED,9 — Integrations,docs/01-architecture.md; docs/03-api-security.md; domain table baseline where applicable
20,Cash sales accounting,DESIGNED / NOT IMPLEMENTED,4 — Sales,docs/01-architecture.md; docs/03-api-security.md; domain table baseline where applicable
21,Credit sales accounting,DESIGNED / NOT IMPLEMENTED,4 — Sales,docs/01-architecture.md; docs/03-api-security.md; domain table baseline where applicable
22,Sales returns,DESIGNED / NOT IMPLEMENTED,6 — Returns,docs/01-architecture.md; docs/03-api-security.md; domain table baseline where applicable
23,Cashier management,DESIGNED / NOT IMPLEMENTED,7 — Expenses/cash,docs/01-architecture.md; docs/03-api-security.md; domain table baseline where applicable
24,Cashier reconciliation,DESIGNED / NOT IMPLEMENTED,7 — Expenses/cash,docs/01-architecture.md; docs/03-api-security.md; domain table baseline where applicable
25,Sales documents,DESIGNED / NOT IMPLEMENTED,4 — Sales,docs/01-architecture.md; docs/03-api-security.md; domain table baseline where applicable
26,Purchasing module,DESIGNED / NOT IMPLEMENTED,3 — Purchasing,docs/01-architecture.md; docs/03-api-security.md; domain table baseline where applicable
27,Purchase order,DESIGNED / NOT IMPLEMENTED,3 — Purchasing,docs/01-architecture.md; docs/03-api-security.md; domain table baseline where applicable
28,GRN,DESIGNED / NOT IMPLEMENTED,3 — Purchasing,docs/01-architecture.md; docs/03-api-security.md; domain table baseline where applicable
29,Three-way matching,DESIGNED / NOT IMPLEMENTED,3 — Purchasing,docs/01-architecture.md; docs/03-api-security.md; domain table baseline where applicable
30,Purchase accounting,DESIGNED / NOT IMPLEMENTED,3 — Purchasing,docs/01-architecture.md; docs/03-api-security.md; domain table baseline where applicable
31,Supplier management,DESIGNED / NOT IMPLEMENTED,3 — Purchasing,docs/01-architecture.md; docs/03-api-security.md; domain table baseline where applicable
32,Supplier ledger,DESIGNED / NOT IMPLEMENTED,3 — Purchasing,docs/01-architecture.md; docs/03-api-security.md; domain table baseline where applicable
33,Supplier returns,DESIGNED / NOT IMPLEMENTED,6 — Returns,docs/01-architecture.md; docs/03-api-security.md; domain table baseline where applicable
34,Supplier credit/debit notes,DESIGNED / NOT IMPLEMENTED,6 — Returns,docs/01-architecture.md; docs/03-api-security.md; domain table baseline where applicable
35,Supplier payments,DESIGNED / NOT IMPLEMENTED,3 — Purchasing,docs/01-architecture.md; docs/03-api-security.md; domain table baseline where applicable
36,Inventory engine,DESIGNED / NOT IMPLEMENTED,2 — Inventory,docs/01-architecture.md; docs/03-api-security.md; domain table baseline where applicable
37,Inventory locations,PARTIAL — WAREHOUSE CONFIGURATION ONLY; STOCK ENGINE PENDING,2 — Inventory,docs/01-architecture.md; docs/03-api-security.md; domain table baseline where applicable; docs/07-company-and-warehouses.md; docs/browser-organization-result.json
38,Inventory movement ledger,DESIGNED / NOT IMPLEMENTED,2 — Inventory,docs/01-architecture.md; docs/03-api-security.md; domain table baseline where applicable
39,Stock transfers,DESIGNED / NOT IMPLEMENTED,2 — Inventory,docs/01-architecture.md; docs/03-api-security.md; domain table baseline where applicable
40,Stock taking,DESIGNED / NOT IMPLEMENTED,2 — Inventory,docs/01-architecture.md; docs/03-api-security.md; domain table baseline where applicable
41,Inventory valuation,DESIGNED / NOT IMPLEMENTED,2 — Inventory,docs/01-architecture.md; docs/03-api-security.md; domain table baseline where applicable
42,Tax engine,DESIGNED / NOT IMPLEMENTED,8 — Tax,docs/01-architecture.md; docs/03-api-security.md; domain table baseline where applicable
43,Accounting engine,PARTIAL — CORE FOUNDATION ONLY,1 — Core,STATUS.md; apps/api/src; apps/api/test/foundation.test.ts; domain-specific portions remain planned
44,Chart of accounts,PARTIAL — CORE FOUNDATION ONLY,1 — Core,STATUS.md; apps/api/src; apps/api/test/foundation.test.ts; domain-specific portions remain planned
45,Accounting rule engine,DESIGNED / NOT IMPLEMENTED,1 — Core,docs/01-architecture.md; docs/03-api-security.md; domain table baseline where applicable
46,Journal immutability,IMPLEMENTED AND TESTED FOR CORE JOURNALS,1 — Core,db/001-core.sql; journal immutability integration test
47,Financial periods,PARTIAL — CORE FOUNDATION ONLY,1 — Core,STATUS.md; apps/api/src; apps/api/test/foundation.test.ts; domain-specific portions remain planned
48,Business expenses,DESIGNED / NOT IMPLEMENTED,7 — Expenses/cash,docs/01-architecture.md; docs/03-api-security.md; domain table baseline where applicable
49,Petty cash,DESIGNED / NOT IMPLEMENTED,7 — Expenses/cash,docs/01-architecture.md; docs/03-api-security.md; domain table baseline where applicable
50,Central payment engine,DESIGNED / NOT IMPLEMENTED,9 — Integrations,docs/01-architecture.md; docs/03-api-security.md; domain table baseline where applicable
51,Transaction states,PARTIAL — CORE FOUNDATION ONLY,1 — Core,STATUS.md; apps/api/src; apps/api/test/foundation.test.ts; domain-specific portions remain planned; docs/05-phase1-controls.md; docs/browser-controls-result.json; docs/09-chart-of-accounts-controls.md; apps/api/test/coa.test.ts; docs/browser-coa-result.json
52,Atomic transactions,PARTIAL — CORE FOUNDATION ONLY,1 — Core,STATUS.md; apps/api/src; apps/api/test/foundation.test.ts; domain-specific portions remain planned; docs/05-phase1-controls.md; docs/browser-controls-result.json; docs/07-company-and-warehouses.md; docs/browser-organization-result.json; docs/09-chart-of-accounts-controls.md; apps/api/test/coa.test.ts; docs/browser-coa-result.json
53,Idempotency,PARTIAL — CORE FOUNDATION ONLY,1 — Core,STATUS.md; apps/api/src; apps/api/test/foundation.test.ts; domain-specific portions remain planned; docs/05-phase1-controls.md; docs/browser-controls-result.json; docs/09-chart-of-accounts-controls.md; apps/api/test/coa.test.ts; docs/browser-coa-result.json
54,Concurrency,PARTIAL — CORE FOUNDATION ONLY,1 — Core,STATUS.md; apps/api/src; apps/api/test/foundation.test.ts; domain-specific portions remain planned; docs/05-phase1-controls.md; docs/browser-controls-result.json; docs/06-preview-and-organization.md; docs/browser-embedded-result.json; docs/browser-branches-result.json; docs/07-company-and-warehouses.md; docs/browser-organization-result.json; docs/09-chart-of-accounts-controls.md; apps/api/test/coa.test.ts; docs/browser-coa-result.json
55,Balance rule,PARTIAL — CORE FOUNDATION ONLY,1 — Core,STATUS.md; apps/api/src; apps/api/test/foundation.test.ts; domain-specific portions remain planned
56,Accounting reconciliation,DESIGNED / NOT IMPLEMENTED,10 — Reporting,docs/01-architecture.md; docs/03-api-security.md; domain table baseline where applicable
57,Reversals,PARTIAL — CORE FOUNDATION ONLY,1 — Core,STATUS.md; apps/api/src; apps/api/test/foundation.test.ts; domain-specific portions remain planned
58,Audit trail,PARTIAL — CORE FOUNDATION ONLY,1 — Core,STATUS.md; apps/api/src; apps/api/test/foundation.test.ts; domain-specific portions remain planned; docs/05-phase1-controls.md; docs/browser-controls-result.json; docs/07-company-and-warehouses.md; docs/browser-organization-result.json; docs/09-chart-of-accounts-controls.md; apps/api/test/coa.test.ts; docs/browser-coa-result.json
59,User activity reporting,PARTIAL — CORE FOUNDATION ONLY,10 — Reporting,STATUS.md; apps/api/src; apps/api/test/foundation.test.ts; domain-specific portions remain planned
60,Attachments,DESIGNED / NOT IMPLEMENTED,1 — Core,docs/01-architecture.md; docs/03-api-security.md; domain table baseline where applicable
61,Reporting,PARTIAL — CORE FOUNDATION ONLY,10 — Reporting,STATUS.md; apps/api/src; apps/api/test/foundation.test.ts; domain-specific portions remain planned
62,Dashboards,PARTIAL — CORE FOUNDATION ONLY,10 — Reporting,STATUS.md; apps/api/src; apps/api/test/foundation.test.ts; domain-specific portions remain planned
63,POS UX,DESIGNED / NOT IMPLEMENTED,4 — Sales,docs/01-architecture.md; docs/03-api-security.md; domain table baseline where applicable
64,General UI/UX,PARTIAL — CORE FOUNDATION ONLY,1 — Core,STATUS.md; apps/api/src; apps/api/test/foundation.test.ts; domain-specific portions remain planned; docs/05-phase1-controls.md; docs/browser-controls-result.json; docs/06-preview-and-organization.md; docs/browser-embedded-result.json; docs/browser-branches-result.json; docs/07-company-and-warehouses.md; docs/browser-organization-result.json; docs/09-chart-of-accounts-controls.md; apps/api/test/coa.test.ts; docs/browser-coa-result.json
65,Database design,PARTIAL — CORE FOUNDATION ONLY,1 — Core,STATUS.md; apps/api/src; apps/api/test/foundation.test.ts; domain-specific portions remain planned; docs/07-company-and-warehouses.md; docs/browser-organization-result.json; docs/09-chart-of-accounts-controls.md; apps/api/test/coa.test.ts; docs/browser-coa-result.json
66,User foreign keys,PARTIAL — CORE FOUNDATION ONLY,1 — Core,STATUS.md; apps/api/src; apps/api/test/foundation.test.ts; domain-specific portions remain planned
67,Money and quantity,PARTIAL — CORE FOUNDATION ONLY,1 — Core,STATUS.md; apps/api/src; apps/api/test/foundation.test.ts; domain-specific portions remain planned
68,Currency,PARTIAL — CORE FOUNDATION ONLY,1 — Core,STATUS.md; apps/api/src; apps/api/test/foundation.test.ts; domain-specific portions remain planned
69,Document numbering,PARTIAL — CORE FOUNDATION ONLY,1 — Core,STATUS.md; apps/api/src; apps/api/test/foundation.test.ts; domain-specific portions remain planned
70,API design,PARTIAL — CORE FOUNDATION ONLY,1 — Core,STATUS.md; apps/api/src; apps/api/test/foundation.test.ts; domain-specific portions remain planned
71,Backend transaction service,PARTIAL — CORE FOUNDATION ONLY,1 — Core,STATUS.md; apps/api/src; apps/api/test/foundation.test.ts; domain-specific portions remain planned; docs/05-phase1-controls.md; docs/browser-controls-result.json
72,Accounting posting service,PARTIAL — CORE FOUNDATION ONLY,1 — Core,STATUS.md; apps/api/src; apps/api/test/foundation.test.ts; domain-specific portions remain planned
73,Source linking,PARTIAL — CORE FOUNDATION ONLY,1 — Core,STATUS.md; apps/api/src; apps/api/test/foundation.test.ts; domain-specific portions remain planned
74,No direct balance editing,PARTIAL — CORE FOUNDATION ONLY,1 — Core,STATUS.md; apps/api/src; apps/api/test/foundation.test.ts; domain-specific portions remain planned
75,Error handling,PARTIAL — CORE FOUNDATION ONLY,1 — Core,STATUS.md; apps/api/src; apps/api/test/foundation.test.ts; domain-specific portions remain planned; docs/05-phase1-controls.md; docs/browser-controls-result.json; docs/06-preview-and-organization.md; docs/browser-embedded-result.json; docs/browser-branches-result.json; docs/07-company-and-warehouses.md; docs/browser-organization-result.json; docs/09-chart-of-accounts-controls.md; apps/api/test/coa.test.ts; docs/browser-coa-result.json
76,Testing,PARTIAL — CORE FOUNDATION ONLY,1 — Core,STATUS.md; apps/api/src; apps/api/test/foundation.test.ts; domain-specific portions remain planned; docs/05-phase1-controls.md; docs/browser-controls-result.json; docs/06-preview-and-organization.md; docs/browser-embedded-result.json; docs/browser-branches-result.json; docs/07-company-and-warehouses.md; docs/browser-organization-result.json; docs/09-chart-of-accounts-controls.md; apps/api/test/coa.test.ts; docs/browser-coa-result.json
77,Reconciliation tests,CORE ARITHMETIC ONLY — OPERATIONAL RECONCILIATIONS PENDING,10 — Reporting,GET /reports/integrity explicitly returns NOT_IMPLEMENTED for operational reconciliations
78,Data integrity,PARTIAL — CORE FOUNDATION ONLY,1 — Core,STATUS.md; apps/api/src; apps/api/test/foundation.test.ts; domain-specific portions remain planned; docs/07-company-and-warehouses.md; docs/browser-organization-result.json; docs/09-chart-of-accounts-controls.md; apps/api/test/coa.test.ts; docs/browser-coa-result.json
79,Offline/network resilience,PARTIAL — SAME-SESSION COMMAND RETRY KEYS; OFFLINE OPERATIONS DISABLED,1 — Core,apps/web/src/main.tsx; STATUS.md; sessionStorage hashed command fingerprints; no offline financial posting
80,Security,PARTIAL — CORE FOUNDATION ONLY,1 — Core,STATUS.md; apps/api/src; apps/api/test/foundation.test.ts; domain-specific portions remain planned; docs/05-phase1-controls.md; docs/browser-controls-result.json; docs/06-preview-and-organization.md; docs/browser-embedded-result.json; docs/browser-branches-result.json; docs/07-company-and-warehouses.md; docs/browser-organization-result.json; docs/09-chart-of-accounts-controls.md; apps/api/test/coa.test.ts; docs/browser-coa-result.json
81,Reporting by user,PARTIAL — CORE FOUNDATION ONLY,10 — Reporting,STATUS.md; apps/api/src; apps/api/test/foundation.test.ts; domain-specific portions remain planned
82,Approval workflows,PARTIAL — CORE FOUNDATION ONLY,1 — Core,STATUS.md; apps/api/src; apps/api/test/foundation.test.ts; domain-specific portions remain planned; docs/05-phase1-controls.md; docs/browser-controls-result.json; docs/09-chart-of-accounts-controls.md; apps/api/test/coa.test.ts; docs/browser-coa-result.json
83,Accounting examples,DESIGNED / NOT IMPLEMENTED,1 — Core,docs/01-architecture.md; docs/03-api-security.md; domain table baseline where applicable
84,Financial traceability,PARTIAL — CORE FOUNDATION ONLY,1 — Core,STATUS.md; apps/api/src; apps/api/test/foundation.test.ts; domain-specific portions remain planned
85,Development phases,DESIGN BASELINE DELIVERED,0 — Design,docs/01-architecture.md deliverable map; docs/04-delivery-quality.md
86,Development workflow,DESIGN BASELINE DELIVERED,0 — Design,docs/01-architecture.md deliverable map; docs/04-delivery-quality.md
87,Critical rules,PARTIAL — CORE FOUNDATION ONLY,1 — Core,STATUS.md; apps/api/src; apps/api/test/foundation.test.ts; domain-specific portions remain planned
88,Expected deliverables,DESIGN BASELINE DELIVERED,0 — Design,docs/01-architecture.md deliverable map; docs/04-delivery-quality.md
89,Final system requirement,NOT COMPLETE,1 — Core,STATUS.md; complete business lifecycle is not implemented
